order_id,customer_id,region,product_id,quantity,sales_amount,order_date,discount
1042,304,West,136,4,152.00,2024-01-01,0.05
2560,360,North,128,4,76.00,2024-01-01,0.05
2834,363,South,126,5,36.00,2024-01-01,0.10
2889,235,West,135,2,374.00,2024-01-01,0.15
3106,264,North,106,1,300.00,2024-01-01,0.00
3248,350,North,106,3,810.00,2024-01-01,0.10
3736,224,South,108,1,47.50,2024-01-01,0.05
3985,393,West,108,4,200.00,2024-01-01,0.00
1419,290,North,114,3,135.00,2024-01-02,0.10
1756,260,West,129,1,80.75,2024-01-02,0.05
3116,249,South,112,3,204.00,2024-01-02,0.15
3926,361,East,128,8,128.00,2024-01-02,0.20
1244,233,North,130,1,45.00,2024-01-03,0.00
1743,231,West,137,3,45.00,2024-01-03,0.00
2266,322,East,122,3,228.00,2024-01-03,0.20
3315,256,North,114,2,100.00,2024-01-03,0.00
1607,250,South,119,2,66.50,2024-01-04,0.05
2124,366,East,138,1,18.00,2024-01-04,0.00
2084,232,East,119,3,105.00,2024-01-05,0.00
2233,334,South,115,6,54.00,2024-01-05,0.10
3308,375,West,122,2,190.00,2024-01-05,0.00
3793,242,West,112,1,72.00,2024-01-05,0.10
1378,340,South,131,1,180.00,2024-01-06,0.00
1592,202,North,125,2,504.00,2024-01-06,0.10
2160,253,West,118,1,45.00,2024-01-06,0.00
2198,384,South,128,1,20.00,2024-01-06,0.00
2331,358,West,111,2,171.00,2024-01-06,0.05
2341,240,West,118,3,135.00,2024-01-06,0.00
3261,393,East,125,2,448.00,2024-01-06,0.20
3439,243,North,121,3,313.50,2024-01-06,0.05
1196,368,South,128,1,20.00,2024-01-07,0.00
3497,375,South,114,2,95.00,2024-01-07,0.05
1277,297,North,123,1,52.25,2024-01-08,0.05
1379,289,East,127,3,32.40,2024-01-08,0.10
1662,350,West,108,1,45.00,2024-01-08,0.10
2323,304,North,121,2,220.00,2024-01-08,0.00
2529,220,West,109,2,57.00,2024-01-08,0.05
1758,290,East,124,1,500.00,2024-01-09,0.00
2208,303,South,135,1,187.00,2024-01-09,0.15
2329,342,West,138,8,129.60,2024-01-09,0.10
2722,296,West,110,1,190.00,2024-01-09,0.05
3080,297,West,118,1,45.00,2024-01-09,0.00
1418,364,South,130,1,40.50,2024-01-10,0.10
1439,271,West,122,3,270.75,2024-01-10,0.05
2249,349,West,138,5,81.00,2024-01-10,0.10
2766,368,West,136,2,76.00,2024-01-10,0.05
2945,313,North,127,2,24.00,2024-01-10,0.00
3769,256,West,139,2,1235.00,2024-01-10,0.05
1045,262,South,129,2,170.00,2024-01-11,0.00
1705,238,West,136,3,120.00,2024-01-11,0.00
1944,322,South,138,5,81.00,2024-01-11,0.10
2005,295,East,109,2,54.00,2024-01-12,0.10
3698,238,West,108,1,42.50,2024-01-12,0.15
1055,313,West,107,1,212.50,2024-01-13,0.15
3216,207,North,115,3,28.50,2024-01-13,0.05
3496,299,East,138,2,34.20,2024-01-13,0.05
3503,310,South,119,4,112.00,2024-01-13,0.20
1272,202,South,123,3,156.75,2024-01-14,0.05
1359,321,West,138,1,18.00,2024-01-14,0.00
1547,316,South,127,5,54.00,2024-01-14,0.10
3575,274,North,104,1,127.50,2024-01-14,0.15
1980,211,East,139,2,1300.00,2024-01-16,0.00
2679,357,East,115,5,45.00,2024-01-16,0.10
3006,361,East,104,3,427.50,2024-01-16,0.05
3073,264,East,121,2,220.00,2024-01-16,0.00
3758,300,West,107,1,250.00,2024-01-16,0.00
1444,322,West,137,4,60.00,2024-01-17,0.00
3010,266,South,136,4,160.00,2024-01-17,0.00
1480,387,North,140,3,285.00,2024-01-18,0.00
2586,260,East,104,3,450.00,2024-01-18,0.00
2748,242,North,120,2,342.00,2024-01-18,0.05
2865,390,South,134,3,225.00,2024-01-18,0.00
3132,364,West,107,1,250.00,2024-01-19,0.00
3149,390,East,140,3,256.50,2024-01-19,0.10
2107,206,North,116,2,240.00,2024-01-20,0.00
2684,325,South,104,2,270.00,2024-01-20,0.10
1036,311,East,130,1,40.50,2024-01-21,0.10
1725,260,North,126,1,7.20,2024-01-21,0.10
2872,313,West,108,4,170.00,2024-01-21,0.15
3162,211,West,136,3,96.00,2024-01-22,0.20
3978,286,East,128,5,90.00,2024-01-22,0.10
2113,319,North,123,3,140.25,2024-01-23,0.15
1285,353,West,118,1,36.00,2024-01-24,0.20
1401,247,East,103,2,1200.00,2024-01-24,0.00
2409,323,West,135,1,220.00,2024-01-24,0.00
2574,359,North,134,3,225.00,2024-01-24,0.00
3113,256,East,105,2,595.00,2024-01-24,0.15
1451,302,North,127,3,34.20,2024-01-25,0.05
2611,311,East,123,3,132.00,2024-01-25,0.20
3428,318,West,131,1,162.00,2024-01-25,0.10
3672,393,South,140,8,684.00,2024-01-25,0.10
3770,201,North,114,2,100.00,2024-01-25,0.00
3897,398,South,117,2,45.00,2024-01-25,0.10
1747,368,North,116,2,228.00,2024-01-26,0.05
2789,244,South,128,6,96.00,2024-01-26,0.20
3294,395,East,116,3,360.00,2024-01-26,0.00
3558,247,East,104,1,150.00,2024-01-26,0.00
3636,358,South,107,1,250.00,2024-01-26,0.00
3765,313,East,127,2,19.20,2024-01-26,0.20
1805,306,East,138,1,17.10,2024-01-27,0.05
2746,345,East,117,3,71.25,2024-01-27,0.05
3680,266,East,115,4,36.00,2024-01-27,0.10
2296,239,South,127,2,22.80,2024-01-28,0.05
2764,280,West,117,5,112.50,2024-01-28,0.10
1372,239,West,110,2,360.00,2024-01-29,0.10
1761,373,East,121,1,110.00,2024-01-29,0.00
1955,281,South,135,1,198.00,2024-01-29,0.10
2523,229,North,112,1,80.00,2024-01-29,0.00
3692,375,South,108,1,45.00,2024-01-29,0.10
1442,368,East,121,1,110.00,2024-01-30,0.00
2577,217,South,105,2,665.00,2024-01-30,0.05
3336,389,South,112,1,76.00,2024-01-30,0.05
1137,339,West,134,2,135.00,2024-01-31,0.10
1407,327,North,123,1,52.25,2024-01-31,0.05
2442,390,South,120,1,171.00,2024-01-31,0.05
2663,381,West,128,1,18.00,2024-01-31,0.10
2778,318,South,104,2,270.00,2024-01-31,0.10
2996,321,North,121,1,110.00,2024-01-31,0.00
3004,244,South,130,4,162.00,2024-01-31,0.10
1667,292,South,130,3,128.25,2024-02-01,0.05
2657,394,East,109,4,114.00,2024-02-01,0.05
1853,243,West,119,1,29.75,2024-02-02,0.15
1903,377,East,108,3,142.50,2024-02-02,0.05
2344,382,North,111,2,162.00,2024-02-02,0.10
3095,383,East,129,3,255.00,2024-02-02,0.00
3182,293,West,131,1,180.00,2024-02-02,0.00
3247,380,East,116,3,342.00,2024-02-02,0.05
3548,393,West,133,1,128.00,2024-02-02,0.20
1186,355,West,116,3,360.00,2024-02-03,0.00
2014,295,West,108,1,50.00,2024-02-03,0.00
2980,376,East,129,5,382.50,2024-02-03,0.10
2991,354,East,102,2,1600.00,2024-02-03,0.00
3372,244,South,132,2,475.00,2024-02-03,0.05
1114,291,West,106,1,255.00,2024-02-04,0.15
1732,228,West,119,10,315.00,2024-02-04,0.10
3123,339,North,136,2,68.00,2024-02-04,0.15
1673,229,East,107,3,712.50,2024-02-05,0.05
2364,395,West,111,1,85.50,2024-02-05,0.05
2385,204,East,131,1,180.00,2024-02-05,0.00
2610,205,South,136,1,40.00,2024-02-06,0.00
3990,247,East,102,1,800.00,2024-02-07,0.00
1513,384,West,116,2,216.00,2024-02-08,0.10
2061,327,North,115,1,8.50,2024-02-08,0.15
2906,239,East,124,1,475.00,2024-02-08,0.05
3314,211,South,112,1,80.00,2024-02-08,0.00
3669,387,West,117,2,40.00,2024-02-09,0.20
3851,375,East,127,3,32.40,2024-02-10,0.10
1192,269,North,119,8,238.00,2024-02-11,0.15
1503,283,West,113,1,630.00,2024-02-11,0.10
3201,241,East,107,1,200.00,2024-02-11,0.20
2469,250,South,126,8,57.60,2024-02-12,0.10
3356,260,South,133,3,456.00,2024-02-12,0.05
1374,296,East,108,1,47.50,2024-02-13,0.05
2295,292,North,140,10,855.00,2024-02-13,0.10
2738,392,North,131,2,360.00,2024-02-14,0.00
3220,364,South,138,3,54.00,2024-02-14,0.00
1861,246,West,109,2,60.00,2024-02-15,0.00
1866,257,East,106,1,300.00,2024-02-15,0.00
2408,207,South,128,1,19.00,2024-02-15,0.05
1839,292,South,116,4,432.00,2024-02-16,0.10
2146,361,North,119,1,29.75,2024-02-16,0.15
3295,309,West,115,2,16.00,2024-02-16,0.20
1167,271,West,127,5,54.00,2024-02-18,0.10
2194,275,North,128,4,80.00,2024-02-18,0.00
2246,326,South,127,3,34.20,2024-02-18,0.05
2263,293,South,128,3,57.00,2024-02-18,0.05
2437,375,West,104,2,270.00,2024-02-18,0.10
3811,251,West,101,2,2280.00,2024-02-18,0.05
3732,385,South,136,2,72.00,2024-02-19,0.10
2609,299,West,115,6,54.00,2024-02-20,0.10
3774,212,North,117,5,112.50,2024-02-20,0.10
3804,259,West,108,1,50.00,2024-02-20,0.00
1084,340,East,137,1,12.00,2024-02-21,0.20
2144,315,North,125,1,280.00,2024-02-21,0.00
3888,341,West,121,2,198.00,2024-02-21,0.10
2074,303,North,140,5,427.50,2024-02-22,0.10
1498,229,South,136,3,120.00,2024-02-23,0.00
1671,399,South,127,10,108.00,2024-02-23,0.10
1892,389,South,127,6,64.80,2024-02-23,0.10
3523,228,North,130,1,45.00,2024-02-23,0.00
2954,289,East,120,1,144.00,2024-02-24,0.20
3771,357,West,129,2,161.50,2024-02-24,0.05
2166,360,West,136,1,34.00,2024-02-25,0.15
2441,397,South,119,3,99.75,2024-02-25,0.05
2838,331,North,120,1,180.00,2024-02-26,0.00
3065,371,West,105,1,332.50,2024-02-27,0.05
3133,248,East,134,2,150.00,2024-02-27,0.00
3151,272,East,119,1,29.75,2024-02-27,0.15
3679,368,West,123,3,132.00,2024-02-27,0.20
1270,306,East,108,1,50.00,2024-02-28,0.00
1536,335,North,112,2,160.00,2024-02-28,0.00
1605,252,West,122,1,95.00,2024-02-28,0.00
2527,377,South,112,1,68.00,2024-02-29,0.15
3516,230,West,133,1,160.00,2024-02-29,0.00
1546,214,South,110,3,510.00,2024-03-01,0.15
2254,244,North,134,3,213.75,2024-03-01,0.05
2807,241,West,113,2,1260.00,2024-03-01,0.10
2914,352,West,111,5,405.00,2024-03-01,0.10
3159,363,West,127,5,51.00,2024-03-01,0.15
3783,257,West,115,5,45.00,2024-03-01,0.10
2241,273,East,117,1,23.75,2024-03-02,0.05
3882,283,West,109,3,90.00,2024-03-02,0.00
2143,286,North,122,3,270.75,2024-03-03,0.05
2644,311,North,103,1,570.00,2024-03-03,0.05
2863,357,North,127,5,54.00,2024-03-03,0.10
3678,338,North,117,2,45.00,2024-03-03,0.10
3928,284,North,118,5,202.50,2024-03-03,0.10
1174,326,North,111,1,81.00,2024-03-04,0.10
3498,373,West,137,4,51.00,2024-03-04,0.15
2334,396,North,122,4,361.00,2024-03-05,0.05
2940,338,East,110,1,180.00,2024-03-05,0.10
1678,211,West,130,1,42.75,2024-03-07,0.05
1807,393,East,132,3,750.00,2024-03-07,0.00
2585,361,North,117,3,71.25,2024-03-07,0.05
2633,396,North,140,8,684.00,2024-03-07,0.10
2715,243,North,120,4,720.00,2024-03-07,0.00
3480,358,South,119,4,126.00,2024-03-07,0.10
2037,335,East,106,2,600.00,2024-03-08,0.00
2779,226,West,117,4,90.00,2024-03-08,0.10
3046,376,North,112,2,152.00,2024-03-08,0.05
3300,247,East,125,1,280.00,2024-03-08,0.00
3452,303,East,107,1,212.50,2024-03-08,0.15
3763,395,West,134,1,75.00,2024-03-08,0.00
2250,302,West,129,4,289.00,2024-03-09,0.15
2593,307,East,126,4,25.60,2024-03-09,0.20
2755,252,South,136,1,40.00,2024-03-09,0.00
3232,243,East,138,3,45.90,2024-03-09,0.15
1563,342,East,107,1,212.50,2024-03-10,0.15
2026,228,North,135,3,594.00,2024-03-10,0.10
1361,397,East,118,2,85.50,2024-03-11,0.05
2978,361,South,119,1,35.00,2024-03-11,0.00
3757,227,North,137,1,13.50,2024-03-11,0.10
1816,336,South,136,1,32.00,2024-03-12,0.20
2445,309,East,114,1,50.00,2024-03-12,0.00
2649,351,West,137,4,57.00,2024-03-12,0.05
2693,286,East,109,2,60.00,2024-03-12,0.00
1962,264,South,112,3,204.00,2024-03-13,0.15
2070,322,East,116,1,108.00,2024-03-13,0.10
2440,337,East,137,3,38.25,2024-03-13,0.15
3030,346,South,116,1,120.00,2024-03-13,0.00
3292,202,West,139,2,1235.00,2024-03-13,0.05
1228,304,East,134,3,213.75,2024-03-14,0.05
1772,212,East,128,3,60.00,2024-03-14,0.00
1778,373,South,104,1,135.00,2024-03-14,0.10
3285,359,West,133,1,160.00,2024-03-14,0.00
1599,238,East,120,1,180.00,2024-03-15,0.00
2854,351,North,115,2,19.00,2024-03-15,0.05
3410,293,West,117,4,100.00,2024-03-15,0.00
1644,289,North,121,1,110.00,2024-03-16,0.00
1701,311,West,115,5,45.00,2024-03-16,0.10
2273,244,East,130,2,81.00,2024-03-16,0.10
1125,220,West,127,4,48.00,2024-03-17,0.00
3562,396,North,132,1,237.50,2024-03-17,0.05
3581,316,West,118,1,42.75,2024-03-17,0.05
1346,380,South,131,1,180.00,2024-03-18,0.00
2415,309,South,138,3,43.20,2024-03-18,0.20
2714,201,West,132,2,500.00,2024-03-18,0.00
3203,243,North,122,1,85.50,2024-03-18,0.10
3245,239,East,123,5,247.50,2024-03-18,0.10
3405,271,South,116,3,324.00,2024-03-18,0.10
3662,246,West,114,8,340.00,2024-03-18,0.15
1134,390,West,140,5,427.50,2024-03-19,0.10
1904,359,South,135,1,198.00,2024-03-19,0.10
2035,358,East,110,2,320.00,2024-03-19,0.20
2740,276,South,114,3,150.00,2024-03-19,0.00
3303,211,West,115,2,18.00,2024-03-19,0.10
3524,366,South,101,1,1200.00,2024-03-19,0.00
3552,351,East,130,1,45.00,2024-03-19,0.00
3554,222,East,111,5,405.00,2024-03-19,0.10
1130,362,North,127,5,54.00,2024-03-20,0.10
1658,209,West,111,3,270.00,2024-03-20,0.00
2892,237,North,112,2,136.00,2024-03-20,0.15
3457,276,West,122,1,76.00,2024-03-20,0.20
1334,332,East,140,10,855.00,2024-03-21,0.10
1491,374,West,115,5,45.00,2024-03-21,0.10
2320,279,West,126,3,22.80,2024-03-21,0.05
3607,362,East,133,3,384.00,2024-03-21,0.20
1428,370,East,127,2,22.80,2024-03-22,0.05
2141,285,East,115,3,27.00,2024-03-22,0.10
2217,372,West,105,3,945.00,2024-03-22,0.10
2581,350,West,103,1,600.00,2024-03-22,0.00
2671,354,East,116,1,102.00,2024-03-22,0.15
3705,351,East,115,1,9.00,2024-03-23,0.10
1950,260,North,127,1,12.00,2024-03-24,0.00
2384,387,North,130,2,90.00,2024-03-24,0.00
2654,272,East,125,1,280.00,2024-03-24,0.00
1218,336,North,112,2,152.00,2024-03-25,0.05
1995,384,West,118,1,45.00,2024-03-25,0.00
2479,293,North,137,4,60.00,2024-03-25,0.00
2887,354,North,130,2,90.00,2024-03-25,0.00
3244,284,West,126,1,7.20,2024-03-25,0.10
3494,336,East,126,6,38.40,2024-03-26,0.20
3584,251,South,122,1,85.50,2024-03-26,0.10
1156,289,East,113,1,630.00,2024-03-27,0.10
1572,212,East,104,4,570.00,2024-03-27,0.05
2352,251,West,120,2,342.00,2024-03-27,0.05
2496,273,East,126,2,15.20,2024-03-27,0.05
1422,276,South,103,1,510.00,2024-03-28,0.15
2514,320,North,134,1,71.25,2024-03-28,0.05
1307,393,West,116,1,120.00,2024-03-29,0.00
2505,258,North,104,1,135.00,2024-03-29,0.10
2796,272,South,115,6,48.00,2024-03-29,0.20
1295,327,North,126,2,12.80,2024-03-30,0.20
1939,351,East,110,3,480.00,2024-03-30,0.20
2556,215,West,114,4,170.00,2024-03-30,0.15
2765,242,East,118,4,180.00,2024-03-30,0.00
3129,392,West,118,3,128.25,2024-03-30,0.05
3237,352,West,115,1,10.00,2024-03-30,0.00
3305,321,South,134,1,60.00,2024-03-30,0.20
3501,228,South,115,5,45.00,2024-03-30,0.10
3622,258,South,116,3,342.00,2024-03-30,0.05
2191,217,North,123,2,104.50,2024-03-31,0.05
2418,296,North,127,1,11.40,2024-03-31,0.05
2994,274,East,114,1,42.50,2024-03-31,0.15
3255,216,North,126,3,22.80,2024-03-31,0.05
3347,245,West,128,5,90.00,2024-03-31,0.10
3425,250,West,138,6,97.20,2024-03-31,0.10
3940,235,East,115,2,20.00,2024-03-31,0.00
2530,201,South,121,3,313.50,2024-04-01,0.05
3906,248,South,139,1,585.00,2024-04-01,0.10
1110,394,South,122,3,270.75,2024-04-02,0.05
1704,240,West,131,1,144.00,2024-04-03,0.20
1931,221,West,119,1,33.25,2024-04-03,0.05
2833,203,West,126,6,43.20,2024-04-03,0.10
3796,345,North,107,1,237.50,2024-04-03,0.05
3982,276,West,122,2,190.00,2024-04-03,0.00
1090,214,South,108,1,47.50,2024-04-04,0.05
1493,224,South,117,2,47.50,2024-04-04,0.05
1540,283,West,117,1,22.50,2024-04-04,0.10
2673,246,South,120,2,324.00,2024-04-04,0.10
2700,243,West,111,4,342.00,2024-04-04,0.05
2919,211,West,117,2,47.50,2024-04-04,0.05
3156,296,West,105,2,665.00,2024-04-04,0.05
3557,398,North,130,2,90.00,2024-04-04,0.00
3695,346,North,133,2,304.00,2024-04-04,0.05
1849,352,West,105,2,665.00,2024-04-05,0.05
2608,313,South,127,3,36.00,2024-04-05,0.00
2992,377,East,112,4,304.00,2024-04-05,0.05
3312,366,North,126,4,28.80,2024-04-05,0.10
1310,276,West,118,5,202.50,2024-04-06,0.10
1927,230,West,118,1,45.00,2024-04-06,0.00
3408,391,East,104,1,135.00,2024-04-06,0.10
3539,399,West,121,3,313.50,2024-04-06,0.05
3555,213,West,127,2,20.40,2024-04-06,0.15
1468,267,East,126,1,7.60,2024-04-07,0.05
2044,312,North,123,1,52.25,2024-04-07,0.05
2734,201,East,115,3,25.50,2024-04-07,0.15
3824,299,West,108,2,100.00,2024-04-07,0.00
1243,339,West,108,5,225.00,2024-04-08,0.10
2393,273,East,116,3,306.00,2024-04-08,0.15
3957,234,West,106,1,285.00,2024-04-08,0.05
2728,234,West,106,1,270.00,2024-04-09,0.10
2961,208,East,127,1,9.60,2024-04-09,0.20
3313,348,East,110,2,400.00,2024-04-09,0.00
3848,292,North,137,2,28.50,2024-04-09,0.05
1020,317,South,114,2,100.00,2024-04-10,0.00
1044,274,East,119,10,315.00,2024-04-10,0.10
2094,231,South,126,4,32.00,2024-04-10,0.00
2205,327,West,118,2,81.00,2024-04-10,0.10
1553,203,East,123,1,52.25,2024-04-11,0.05
2275,371,West,120,1,171.00,2024-04-11,0.05
2299,295,North,102,1,680.00,2024-04-11,0.15
2389,340,East,128,6,108.00,2024-04-11,0.10
2494,296,West,117,2,50.00,2024-04-11,0.00
2563,375,East,119,1,35.00,2024-04-11,0.00
2602,234,East,126,1,8.00,2024-04-11,0.00
3044,285,North,132,2,500.00,2024-04-11,0.00
3375,216,North,114,3,127.50,2024-04-11,0.15
1182,329,North,137,1,15.00,2024-04-12,0.00
2211,205,North,126,5,36.00,2024-04-12,0.10
2244,305,West,136,5,180.00,2024-04-12,0.10
3225,295,East,104,1,142.50,2024-04-12,0.05
1184,251,East,127,2,22.80,2024-04-13,0.05
2128,397,West,134,2,150.00,2024-04-13,0.00
2891,392,East,134,2,135.00,2024-04-13,0.10
3627,362,East,118,2,85.50,2024-04-13,0.05
3870,298,North,104,1,150.00,2024-04-13,0.00
3898,349,North,127,1,12.00,2024-04-13,0.00
1024,214,East,123,4,209.00,2024-04-14,0.05
3728,233,East,101,2,2280.00,2024-04-14,0.05
3792,319,East,137,4,60.00,2024-04-14,0.00
3838,217,West,119,2,70.00,2024-04-14,0.00
1558,349,South,121,2,220.00,2024-04-15,0.00
1796,357,South,140,2,190.00,2024-04-15,0.00
2346,341,East,121,2,198.00,2024-04-15,0.10
3041,331,North,137,3,45.00,2024-04-15,0.00
3857,324,North,135,1,220.00,2024-04-15,0.00
2195,306,West,118,2,81.00,2024-04-16,0.10
3564,235,South,109,4,114.00,2024-04-16,0.05
1587,393,East,108,3,127.50,2024-04-17,0.15
2007,269,East,114,6,270.00,2024-04-17,0.10
2196,300,West,138,2,34.20,2024-04-17,0.05
3781,255,South,140,3,285.00,2024-04-17,0.00
3808,379,West,109,2,60.00,2024-04-17,0.00
1348,231,South,140,1,95.00,2024-04-18,0.00
1455,397,East,128,2,36.00,2024-04-18,0.10
2015,327,West,138,2,34.20,2024-04-18,0.05
3087,331,West,105,1,350.00,2024-04-18,0.00
2375,381,South,136,4,160.00,2024-04-19,0.00
3246,214,North,101,3,3600.00,2024-04-19,0.00
3489,248,East,127,4,45.60,2024-04-19,0.05
1225,340,West,122,2,190.00,2024-04-20,0.00
1567,398,West,126,3,24.00,2024-04-20,0.00
3208,329,North,121,1,110.00,2024-04-20,0.00
3666,204,South,138,5,81.00,2024-04-20,0.10
1867,357,South,119,5,157.50,2024-04-21,0.10
2705,392,West,129,2,144.50,2024-04-21,0.15
3355,367,West,125,2,532.00,2024-04-21,0.05
3528,293,South,124,1,475.00,2024-04-21,0.05
2606,325,North,114,10,450.00,2024-04-22,0.10
3724,356,South,129,1,85.00,2024-04-22,0.00
3704,393,East,131,1,180.00,2024-04-23,0.00
3722,275,East,129,2,161.50,2024-04-23,0.05
3802,214,West,127,5,54.00,2024-04-23,0.10
1391,225,West,120,1,153.00,2024-04-24,0.15
2343,313,South,127,5,54.00,2024-04-24,0.10
2568,211,South,137,4,57.00,2024-04-24,0.05
3488,301,South,119,6,189.00,2024-04-24,0.10
1707,341,West,121,2,220.00,2024-04-25,0.00
1982,302,West,138,1,16.20,2024-04-25,0.10
2535,306,East,135,2,440.00,2024-04-25,0.00
2656,228,East,138,2,30.60,2024-04-25,0.15
2880,387,South,127,2,22.80,2024-04-25,0.05
3713,308,South,123,2,104.50,2024-04-25,0.05
3933,367,East,115,6,54.00,2024-04-25,0.10
1406,380,East,116,3,306.00,2024-04-26,0.15
3626,240,North,124,3,1500.00,2024-04-26,0.00
1471,346,West,137,4,57.00,2024-04-27,0.05
1945,334,North,128,3,57.00,2024-04-27,0.05
1524,204,North,122,3,285.00,2024-04-28,0.00
1900,207,East,118,2,90.00,2024-04-28,0.00
2154,203,East,122,1,85.50,2024-04-28,0.10
1525,242,East,140,1,85.50,2024-04-29,0.10
1902,394,East,140,4,323.00,2024-04-29,0.15
2354,210,North,114,1,50.00,2024-04-29,0.00
2531,259,North,122,1,95.00,2024-04-29,0.00
3077,292,East,134,1,75.00,2024-04-29,0.00
1949,304,East,140,3,285.00,2024-04-30,0.00
2380,260,South,130,2,85.50,2024-04-30,0.05
2566,228,West,120,1,180.00,2024-04-30,0.00
2732,217,West,111,1,90.00,2024-04-30,0.00
3864,369,West,128,1,18.00,2024-04-30,0.10
3953,240,East,132,2,400.00,2024-04-30,0.20
1695,335,East,104,2,300.00,2024-05-01,0.00
3031,360,South,115,10,90.00,2024-05-01,0.10
1309,398,East,128,10,180.00,2024-05-02,0.10
1470,277,West,118,5,202.50,2024-05-02,0.10
1975,252,North,117,3,75.00,2024-05-02,0.00
2866,205,South,101,2,2280.00,2024-05-02,0.05
1652,360,South,121,4,440.00,2024-05-03,0.00
2570,300,North,122,3,270.75,2024-05-03,0.05
2687,391,East,134,3,202.50,2024-05-03,0.10
2883,245,East,110,2,360.00,2024-05-03,0.10
3826,343,South,128,5,85.00,2024-05-03,0.15
2212,372,East,131,1,180.00,2024-05-04,0.00
3093,211,North,112,4,304.00,2024-05-04,0.05
3855,396,South,127,3,34.20,2024-05-04,0.05
3972,244,South,109,2,51.00,2024-05-04,0.15
1288,240,West,117,2,50.00,2024-05-05,0.00
2036,374,East,112,2,152.00,2024-05-05,0.05
2818,322,East,129,4,340.00,2024-05-05,0.00
3482,312,West,122,4,380.00,2024-05-05,0.00
3674,220,West,108,3,142.50,2024-05-05,0.05
3861,297,South,127,5,54.00,2024-05-05,0.10
2060,371,North,121,2,198.00,2024-05-06,0.10
2412,366,South,128,6,108.00,2024-05-06,0.10
3043,288,East,136,3,102.00,2024-05-06,0.15
2681,254,North,117,2,42.50,2024-05-07,0.15
3017,252,East,112,2,152.00,2024-05-07,0.05
3082,238,South,119,3,105.00,2024-05-07,0.00
1473,395,East,132,2,450.00,2024-05-08,0.10
3346,240,West,128,3,57.00,2024-05-08,0.05
3889,205,South,113,1,665.00,2024-05-08,0.05
3659,203,East,128,2,40.00,2024-05-09,0.00
1202,236,East,115,10,90.00,2024-05-11,0.10
1421,348,East,127,1,10.20,2024-05-11,0.15
2580,374,North,114,6,270.00,2024-05-11,0.10
2884,294,North,136,2,80.00,2024-05-11,0.00
3025,344,West,109,1,25.50,2024-05-11,0.15
3948,398,South,102,1,720.00,2024-05-11,0.10
1236,330,East,111,4,342.00,2024-05-12,0.05
1452,322,South,126,8,57.60,2024-05-12,0.10
3453,243,North,128,3,60.00,2024-05-12,0.00
3491,347,South,138,1,16.20,2024-05-12,0.10
3860,361,East,128,1,20.00,2024-05-12,0.00
1345,222,West,117,2,50.00,2024-05-13,0.00
2328,220,West,130,1,40.50,2024-05-13,0.10
3823,203,East,115,2,17.00,2024-05-14,0.15
2108,224,North,108,1,50.00,2024-05-15,0.00
2655,271,North,121,3,330.00,2024-05-16,0.00
3677,365,North,128,2,34.00,2024-05-16,0.15
1206,259,East,129,3,242.25,2024-05-17,0.05
2321,270,West,126,8,57.60,2024-05-17,0.10
2564,237,East,134,3,213.75,2024-05-17,0.05
2953,352,West,119,4,133.00,2024-05-17,0.05
3379,303,South,126,4,28.80,2024-05-17,0.10
3207,263,South,132,1,225.00,2024-05-18,0.10
3684,218,South,135,1,187.00,2024-05-18,0.15
1120,261,South,107,1,225.00,2024-05-19,0.10
1210,323,South,122,4,380.00,2024-05-19,0.00
1573,390,East,114,4,200.00,2024-05-19,0.00
1799,298,North,119,1,33.25,2024-05-19,0.05
2981,351,East,130,2,90.00,2024-05-19,0.00
3665,344,West,108,3,120.00,2024-05-19,0.20
1621,289,East,118,5,202.50,2024-05-20,0.10
1814,266,North,102,1,800.00,2024-05-20,0.00
3540,350,North,119,1,35.00,2024-05-20,0.00
2163,342,North,113,1,700.00,2024-05-21,0.00
2240,353,East,123,2,110.00,2024-05-21,0.00
2650,367,South,119,5,157.50,2024-05-21,0.10
3367,334,North,137,3,42.75,2024-05-21,0.05
3531,313,East,139,1,650.00,2024-05-21,0.00
1832,216,West,114,1,40.00,2024-05-22,0.20
2963,288,South,110,1,200.00,2024-05-22,0.00
1889,318,South,106,4,1200.00,2024-05-23,0.00
2481,242,North,110,2,380.00,2024-05-23,0.05
2983,312,East,130,2,81.00,2024-05-23,0.10
1138,234,North,126,5,36.00,2024-05-24,0.10
1300,345,West,111,3,270.00,2024-05-24,0.00
2008,273,North,130,4,180.00,2024-05-24,0.00
2305,231,East,110,2,360.00,2024-05-24,0.10
2572,297,East,139,2,1235.00,2024-05-24,0.05
2930,372,North,137,3,45.00,2024-05-24,0.00
1465,244,West,135,1,220.00,2024-05-25,0.00
1583,237,West,133,2,320.00,2024-05-25,0.00
2342,296,South,115,6,54.00,2024-05-25,0.10
2837,313,West,108,1,42.50,2024-05-25,0.15
2864,390,South,109,3,85.50,2024-05-25,0.05
2896,362,North,104,1,150.00,2024-05-25,0.00
3029,293,East,138,8,115.20,2024-05-25,0.20
3419,217,South,133,1,128.00,2024-05-25,0.20
1158,319,East,140,1,85.50,2024-05-26,0.10
1783,358,South,114,8,360.00,2024-05-26,0.10
2735,319,West,106,1,300.00,2024-05-26,0.00
3176,354,West,133,2,304.00,2024-05-26,0.05
1268,244,East,108,4,160.00,2024-05-27,0.20
1430,268,East,107,3,750.00,2024-05-27,0.00
1555,366,North,135,2,440.00,2024-05-27,0.00
1997,208,East,131,1,162.00,2024-05-27,0.10
2416,303,North,126,5,36.00,2024-05-27,0.10
2857,398,West,119,3,99.75,2024-05-27,0.05
3100,372,South,122,1,85.50,2024-05-27,0.10
3657,298,West,132,1,225.00,2024-05-27,0.10
3929,213,South,136,4,160.00,2024-05-27,0.00
1670,399,South,127,1,10.20,2024-05-28,0.15
2493,247,South,134,1,75.00,2024-05-28,0.00
3048,352,North,136,1,40.00,2024-05-28,0.00
3840,279,West,122,2,190.00,2024-05-28,0.00
3971,390,North,115,8,72.00,2024-05-28,0.10
2255,388,North,119,1,33.25,2024-05-29,0.05
3633,385,North,118,1,38.25,2024-05-29,0.15
3782,266,North,110,3,540.00,2024-05-29,0.10
2019,369,South,127,1,12.00,2024-05-30,0.00
2381,318,West,110,2,360.00,2024-05-30,0.10
2974,237,West,113,1,700.00,2024-05-30,0.00
2982,208,South,104,4,600.00,2024-05-30,0.00
3173,268,East,126,4,28.80,2024-05-30,0.10
3822,251,East,128,2,40.00,2024-05-30,0.00
1425,214,North,107,2,450.00,2024-05-31,0.10
1679,226,East,130,2,90.00,2024-05-31,0.00
2829,269,North,123,4,220.00,2024-05-31,0.00
3284,224,South,116,3,324.00,2024-05-31,0.10
3969,219,West,126,5,36.00,2024-05-31,0.10
3766,327,South,107,1,237.50,2024-06-01,0.05
1021,338,East,138,5,81.00,2024-06-02,0.10
3560,387,South,111,2,180.00,2024-06-02,0.00
1449,335,North,136,4,136.00,2024-06-03,0.15
1531,355,West,111,2,144.00,2024-06-03,0.20
2487,312,South,122,1,85.50,2024-06-03,0.10
2598,358,South,140,3,285.00,2024-06-03,0.00
2803,368,East,117,4,95.00,2024-06-03,0.05
3996,251,East,130,2,76.50,2024-06-03,0.15
2139,337,North,119,1,33.25,2024-06-04,0.05
2161,343,South,108,3,135.00,2024-06-04,0.10
3014,263,North,112,4,288.00,2024-06-04,0.10
3071,288,South,125,1,280.00,2024-06-04,0.00
3229,212,West,115,4,40.00,2024-06-04,0.00
3286,242,East,122,5,427.50,2024-06-04,0.10
3390,254,West,139,1,617.50,2024-06-04,0.05
1324,292,East,138,3,51.30,2024-06-05,0.05
2155,344,South,136,1,34.00,2024-06-05,0.15
3450,373,North,123,1,55.00,2024-06-05,0.00
3479,340,South,118,3,121.50,2024-06-05,0.10
3965,298,North,135,2,396.00,2024-06-05,0.10
3153,242,North,106,2,570.00,2024-06-06,0.05
1450,317,South,104,1,142.50,2024-06-08,0.05
1660,232,East,113,2,1190.00,2024-06-08,0.15
1913,382,West,125,3,840.00,2024-06-08,0.00
2549,252,South,113,1,700.00,2024-06-08,0.00
1971,277,East,119,3,99.75,2024-06-09,0.05
2490,360,South,107,1,212.50,2024-06-09,0.15
1486,400,East,114,5,225.00,2024-06-10,0.10
2215,202,South,104,1,127.50,2024-06-10,0.15
2420,394,North,137,5,67.50,2024-06-10,0.10
1385,316,North,114,5,225.00,2024-06-11,0.10
3115,272,West,129,1,76.50,2024-06-11,0.10
2658,326,North,134,5,337.50,2024-06-12,0.10
3192,298,West,103,2,1140.00,2024-06-13,0.05
2536,390,South,128,1,17.00,2024-06-14,0.15
2873,213,South,119,3,94.50,2024-06-14,0.10
3018,247,North,138,4,72.00,2024-06-14,0.00
3316,379,North,102,1,720.00,2024-06-14,0.10
1332,358,North,108,1,50.00,2024-06-15,0.00
2784,374,North,114,5,225.00,2024-06-15,0.10
2668,312,East,105,1,350.00,2024-06-16,0.00
2847,271,East,103,2,1200.00,2024-06-16,0.00
3807,389,North,102,1,640.00,2024-06-16,0.20
1554,338,North,123,3,148.50,2024-06-17,0.10
2131,327,East,137,1,12.75,2024-06-17,0.15
2253,289,South,134,3,202.50,2024-06-17,0.10
2455,243,North,126,2,14.40,2024-06-17,0.10
1543,338,East,123,3,165.00,2024-06-18,0.00
3602,245,South,131,2,342.00,2024-06-18,0.05
3944,215,East,109,1,25.50,2024-06-18,0.15
1436,245,North,138,2,36.00,2024-06-19,0.00
1706,206,West,116,2,216.00,2024-06-19,0.10
2358,201,West,104,1,127.50,2024-06-19,0.15
2444,311,North,140,1,85.50,2024-06-19,0.10
2119,298,West,140,6,513.00,2024-06-20,0.10
3023,292,North,111,4,360.00,2024-06-20,0.00
3411,317,West,106,4,1080.00,2024-06-20,0.10
1135,205,North,117,5,112.50,2024-06-21,0.10
1216,314,West,127,6,64.80,2024-06-21,0.10
1938,202,North,140,3,256.50,2024-06-21,0.10
3381,385,East,130,2,81.00,2024-06-21,0.10
3404,244,North,134,3,225.00,2024-06-22,0.00
1259,395,East,126,2,13.60,2024-06-23,0.15
2484,206,West,122,2,161.50,2024-06-23,0.15
3103,346,West,137,1,15.00,2024-06-23,0.00
1005,322,East,128,5,90.00,2024-06-24,0.10
1457,297,South,135,1,209.00,2024-06-24,0.05
1690,224,East,125,1,280.00,2024-06-24,0.00
1925,288,North,137,2,25.50,2024-06-24,0.15
2337,201,East,130,2,72.00,2024-06-24,0.20
3815,241,West,126,8,57.60,2024-06-24,0.10
2162,208,South,111,1,90.00,2024-06-25,0.00
2376,361,West,134,5,337.50,2024-06-25,0.10
2546,311,North,126,3,24.00,2024-06-25,0.00
2968,363,North,127,3,30.60,2024-06-25,0.15
3522,254,North,138,6,97.20,2024-06-25,0.10
3189,357,North,109,1,30.00,2024-06-26,0.00
1118,302,West,136,3,120.00,2024-06-27,0.00
1675,380,North,126,5,36.00,2024-06-27,0.10
2130,358,West,127,10,96.00,2024-06-27,0.20
2282,233,East,122,2,180.50,2024-06-28,0.05
2463,371,South,114,3,150.00,2024-06-28,0.00
2063,230,North,126,2,16.00,2024-06-29,0.00
2372,382,North,114,4,200.00,2024-06-29,0.00
3147,398,South,117,4,95.00,2024-06-29,0.05
1326,395,North,112,2,144.00,2024-06-30,0.10
2006,317,East,134,1,60.00,2024-06-30,0.20
2287,254,West,135,2,374.00,2024-06-30,0.15
2594,211,East,107,1,237.50,2024-06-30,0.05
2797,282,East,121,1,99.00,2024-06-30,0.10
2823,217,South,116,1,108.00,2024-06-30,0.10
3916,369,North,129,3,242.25,2024-06-30,0.05
1727,326,North,120,1,144.00,2024-07-01,0.20
1930,233,North,135,1,220.00,2024-07-01,0.00
2951,281,West,107,1,225.00,2024-07-02,0.10
2964,224,South,110,4,760.00,2024-07-02,0.05
3171,270,East,136,4,160.00,2024-07-02,0.00
3333,395,South,113,3,1995.00,2024-07-02,0.05
3429,280,West,124,1,500.00,2024-07-03,0.00
3936,254,North,135,2,374.00,2024-07-03,0.15
1577,355,North,129,4,306.00,2024-07-04,0.10
2402,337,East,121,1,99.00,2024-07-04,0.10
2870,218,South,115,2,20.00,2024-07-04,0.00
3883,331,East,132,3,712.50,2024-07-04,0.05
1031,377,South,126,5,36.00,2024-07-05,0.10
1570,292,West,104,1,150.00,2024-07-05,0.00
1782,365,East,129,1,72.25,2024-07-05,0.15
2692,348,South,140,3,270.75,2024-07-06,0.05
3931,254,North,127,3,34.20,2024-07-06,0.05
1077,364,North,138,1,15.30,2024-07-07,0.15
2147,303,West,107,2,450.00,2024-07-07,0.10
2184,259,North,130,3,128.25,2024-07-07,0.05
1858,278,North,116,1,114.00,2024-07-08,0.05
2626,291,North,123,1,52.25,2024-07-08,0.05
2669,268,East,126,3,22.80,2024-07-08,0.05
3111,245,North,102,2,1520.00,2024-07-08,0.05
3702,224,West,114,4,170.00,2024-07-08,0.15
3909,306,South,128,1,20.00,2024-07-08,0.00
2235,341,West,134,1,67.50,2024-07-09,0.10
3515,366,North,136,3,102.00,2024-07-09,0.15
3799,393,South,140,4,342.00,2024-07-09,0.10
1089,234,West,102,1,800.00,2024-07-10,0.00
2616,298,West,120,3,540.00,2024-07-10,0.00
3895,322,South,127,4,48.00,2024-07-10,0.00
3256,398,South,116,2,240.00,2024-07-11,0.00
3281,232,North,135,2,396.00,2024-07-11,0.10
1030,255,North,114,4,200.00,2024-07-12,0.00
1824,301,East,119,5,157.50,2024-07-13,0.10
1008,220,West,126,5,36.00,2024-07-14,0.10
1117,293,West,106,2,570.00,2024-07-14,0.05
2636,348,South,115,5,45.00,2024-07-14,0.10
2924,204,West,107,2,475.00,2024-07-14,0.05
3378,336,South,127,5,54.00,2024-07-14,0.10
3914,355,West,126,5,34.00,2024-07-14,0.15
1061,276,South,116,1,108.00,2024-07-15,0.10
1364,387,North,138,8,129.60,2024-07-15,0.10
1371,201,West,104,1,150.00,2024-07-15,0.00
2827,215,East,119,5,157.50,2024-07-15,0.10
2830,334,North,115,5,45.00,2024-07-15,0.10
3430,370,South,126,8,57.60,2024-07-15,0.10
3986,328,East,119,2,70.00,2024-07-15,0.00
1013,388,South,126,8,57.60,2024-07-16,0.10
1397,239,East,104,1,150.00,2024-07-16,0.00
2401,236,East,133,1,152.00,2024-07-16,0.05
2805,208,East,111,3,216.00,2024-07-16,0.20
1004,367,North,104,3,427.50,2024-07-17,0.05
2114,342,East,139,1,585.00,2024-07-17,0.10
2142,361,West,138,3,43.20,2024-07-17,0.20
2357,272,West,138,8,129.60,2024-07-17,0.10
3188,270,North,134,2,150.00,2024-07-17,0.00
1027,345,North,138,4,72.00,2024-07-18,0.00
2308,309,East,140,1,76.00,2024-07-18,0.20
2316,312,West,117,1,23.75,2024-07-18,0.05
3210,317,North,110,2,360.00,2024-07-18,0.10
1476,205,East,128,5,90.00,2024-07-19,0.10
1616,268,North,111,3,256.50,2024-07-19,0.05
1657,204,West,108,3,142.50,2024-07-19,0.05
2038,233,South,128,3,57.00,2024-07-19,0.05
2851,377,East,139,3,1852.50,2024-07-19,0.05
3311,306,South,137,4,60.00,2024-07-19,0.00
1069,291,North,112,3,216.00,2024-07-20,0.10
2618,358,South,114,4,180.00,2024-07-20,0.10
2719,344,East,119,1,29.75,2024-07-20,0.15
3338,261,North,126,4,28.80,2024-07-20,0.10
3651,235,West,115,1,8.50,2024-07-20,0.15
1274,239,East,113,1,630.00,2024-07-21,0.10
1813,330,West,106,2,600.00,2024-07-21,0.00
1155,212,West,127,1,10.80,2024-07-22,0.10
1160,302,East,140,5,427.50,2024-07-22,0.10
1829,248,East,137,2,24.00,2024-07-22,0.20
2013,382,North,130,3,135.00,2024-07-22,0.00
3218,205,West,137,2,27.00,2024-07-22,0.10
1590,379,South,125,2,476.00,2024-07-23,0.15
1986,255,South,139,1,617.50,2024-07-23,0.05
2313,242,North,118,2,81.00,2024-07-23,0.10
1149,358,North,101,2,2280.00,2024-07-24,0.05
1708,350,East,137,1,15.00,2024-07-24,0.00
2011,299,West,129,1,85.00,2024-07-24,0.00
2876,224,South,133,1,152.00,2024-07-24,0.05
3136,209,South,121,1,99.00,2024-07-24,0.10
1715,329,North,114,3,120.00,2024-07-25,0.20
1979,252,North,109,4,108.00,2024-07-26,0.10
2744,269,West,107,1,250.00,2024-07-26,0.00
2988,237,East,126,8,57.60,2024-07-26,0.10
3233,296,West,135,2,374.00,2024-07-26,0.15
3945,260,East,130,2,90.00,2024-07-26,0.00
1001,235,North,136,2,76.00,2024-07-27,0.05
2507,202,West,138,5,81.00,2024-07-27,0.10
2625,259,West,105,1,315.00,2024-07-27,0.10
1811,392,West,115,4,38.00,2024-07-28,0.05
3376,343,West,137,3,36.00,2024-07-28,0.20
3927,347,West,126,3,24.00,2024-07-28,0.00
1639,335,North,131,1,162.00,2024-07-29,0.10
1698,347,East,130,2,85.50,2024-07-29,0.05
2478,353,North,108,1,50.00,2024-07-29,0.00
3594,265,West,104,1,135.00,2024-07-29,0.10
3984,396,East,126,4,32.00,2024-07-29,0.00
2660,231,South,119,6,168.00,2024-07-30,0.20
3299,226,North,117,2,42.50,2024-07-30,0.15
3604,204,West,105,3,892.50,2024-07-30,0.15
3829,369,East,126,2,16.00,2024-07-30,0.00
1056,240,West,106,2,600.00,2024-07-31,0.00
1387,398,South,111,1,90.00,2024-07-31,0.00
2619,279,South,125,1,266.00,2024-07-31,0.05
1205,377,East,127,4,38.40,2024-08-01,0.20
2177,298,South,103,1,510.00,2024-08-01,0.15
3180,271,South,122,5,427.50,2024-08-01,0.10
3625,268,South,138,4,72.00,2024-08-01,0.00
3681,385,West,123,4,220.00,2024-08-01,0.00
1049,307,West,116,1,108.00,2024-08-02,0.10
1635,281,South,115,4,40.00,2024-08-02,0.00
1823,367,South,136,1,36.00,2024-08-02,0.10
2324,233,East,109,4,114.00,2024-08-02,0.05
3325,331,North,127,3,34.20,2024-08-02,0.05
3437,231,North,113,1,700.00,2024-08-02,0.00
1446,391,West,119,3,94.50,2024-08-03,0.10
1454,257,East,127,3,36.00,2024-08-03,0.00
1623,267,South,110,4,800.00,2024-08-03,0.00
2314,338,East,111,3,243.00,2024-08-03,0.10
2751,330,South,107,2,475.00,2024-08-03,0.05
2952,342,North,134,4,285.00,2024-08-03,0.05
3223,226,West,109,1,30.00,2024-08-04,0.00
3323,271,West,135,2,418.00,2024-08-04,0.05
3915,316,East,114,3,150.00,2024-08-04,0.00
1920,378,North,108,2,85.00,2024-08-06,0.15
3266,369,West,136,2,76.00,2024-08-06,0.05
1852,352,North,109,3,90.00,2024-08-07,0.00
2137,283,West,119,5,157.50,2024-08-07,0.10
2285,280,East,121,3,313.50,2024-08-07,0.05
2318,270,West,109,1,24.00,2024-08-07,0.20
2367,329,North,133,4,640.00,2024-08-07,0.00
2849,256,South,126,1,8.00,2024-08-07,0.00
3195,254,South,112,3,204.00,2024-08-07,0.15
3319,370,East,113,1,700.00,2024-08-07,0.00
2361,336,North,126,4,30.40,2024-08-08,0.05
2724,204,North,126,3,24.00,2024-08-08,0.00
2836,268,South,136,2,80.00,2024-08-08,0.00
1935,224,West,109,3,90.00,2024-08-09,0.00
2621,305,West,105,2,700.00,2024-08-09,0.00
2783,271,West,130,3,128.25,2024-08-09,0.05
2932,289,West,116,2,240.00,2024-08-09,0.00
3753,214,South,119,1,35.00,2024-08-09,0.00
3801,323,West,137,5,67.50,2024-08-09,0.10
3842,262,West,102,1,720.00,2024-08-09,0.10
2990,203,South,118,4,162.00,2024-08-10,0.10
3341,329,West,126,3,24.00,2024-08-10,0.00
3571,242,East,121,1,104.50,2024-08-10,0.05
3854,249,North,111,1,76.50,2024-08-10,0.15
1381,216,North,140,1,95.00,2024-08-11,0.00
2899,268,North,123,3,140.25,2024-08-11,0.15
3321,229,North,136,2,80.00,2024-08-11,0.00
3743,306,East,116,1,120.00,2024-08-11,0.00
1299,348,South,132,2,500.00,2024-08-12,0.00
1576,243,East,112,1,80.00,2024-08-12,0.00
2129,203,North,112,4,304.00,2024-08-12,0.05
1485,227,East,122,3,270.75,2024-08-13,0.05
2001,376,South,126,1,8.00,2024-08-13,0.00
3987,389,East,139,2,1170.00,2024-08-13,0.10
1022,351,East,140,1,95.00,2024-08-14,0.00
1855,223,East,129,3,229.50,2024-08-14,0.10
2628,307,South,106,1,285.00,2024-08-14,0.05
3086,357,North,134,2,142.50,2024-08-14,0.05
3477,342,East,127,3,34.20,2024-08-14,0.05
1144,383,West,135,2,440.00,2024-08-15,0.00
1640,300,South,115,4,40.00,2024-08-15,0.00
2025,374,South,107,4,1000.00,2024-08-15,0.00
2652,349,West,122,2,171.00,2024-08-15,0.10
1068,391,West,121,2,209.00,2024-08-16,0.05
3243,255,West,118,3,135.00,2024-08-16,0.00
3974,386,North,138,1,15.30,2024-08-16,0.15
1215,398,South,133,2,320.00,2024-08-17,0.00
2395,371,East,128,6,108.00,2024-08-17,0.10
3002,218,East,135,1,209.00,2024-08-17,0.05
3211,218,North,140,4,361.00,2024-08-17,0.05
1810,291,West,139,1,552.50,2024-08-18,0.15
1941,235,South,121,2,220.00,2024-08-18,0.00
3778,256,East,128,4,64.00,2024-08-18,0.20
1112,255,West,131,1,171.00,2024-08-19,0.05
2336,339,West,135,2,440.00,2024-08-19,0.00
2425,323,West,126,1,7.60,2024-08-19,0.05
2438,344,West,101,1,1200.00,2024-08-19,0.00
2703,296,North,124,2,900.00,2024-08-19,0.10
2630,360,South,103,1,570.00,2024-08-20,0.05
2258,228,North,136,2,80.00,2024-08-21,0.00
2604,278,West,138,4,68.40,2024-08-21,0.05
2810,313,West,121,1,93.50,2024-08-21,0.15
3310,371,West,117,1,20.00,2024-08-21,0.20
3520,364,West,132,1,225.00,2024-08-21,0.10
3623,369,South,128,1,19.00,2024-08-21,0.05
1518,271,South,118,4,180.00,2024-08-22,0.00
2095,296,South,115,1,10.00,2024-08-22,0.00
1136,258,North,140,5,427.50,2024-08-23,0.10
2283,318,West,115,2,18.00,2024-08-24,0.10
1426,387,East,123,1,55.00,2024-08-25,0.00
3814,376,North,140,6,513.00,2024-08-25,0.10
1254,282,South,128,2,38.00,2024-08-26,0.05
1750,293,North,138,3,51.30,2024-08-26,0.05
1841,211,East,139,1,650.00,2024-08-26,0.00
2157,349,South,124,1,500.00,2024-08-26,0.00
2411,236,East,130,2,90.00,2024-08-26,0.00
2917,354,East,120,1,162.00,2024-08-26,0.10
1293,376,North,117,2,50.00,2024-08-27,0.00
1312,385,South,129,4,340.00,2024-08-27,0.00
2120,242,East,130,2,90.00,2024-08-27,0.00
2750,354,East,116,4,408.00,2024-08-27,0.15
3155,344,North,104,2,300.00,2024-08-27,0.00
3236,324,West,114,10,400.00,2024-08-27,0.20
1065,309,South,128,10,170.00,2024-08-28,0.15
1355,207,East,135,2,418.00,2024-08-28,0.05
1411,370,North,118,1,45.00,2024-08-28,0.00
1933,231,North,137,1,15.00,2024-08-28,0.00
2079,367,North,118,1,45.00,2024-08-28,0.00
2456,204,South,117,2,45.00,2024-08-28,0.10
2553,223,East,131,1,171.00,2024-08-28,0.05
3920,323,East,131,3,540.00,2024-08-28,0.00
3922,233,North,104,2,255.00,2024-08-28,0.15
3966,251,South,111,4,306.00,2024-08-28,0.15
1302,305,North,128,2,40.00,2024-08-29,0.00
1767,261,West,117,2,50.00,2024-08-29,0.00
2571,236,West,114,3,127.50,2024-08-29,0.15
3037,360,East,102,1,760.00,2024-08-29,0.05
3107,203,West,138,3,51.30,2024-08-29,0.05
1713,206,West,104,2,270.00,2024-08-30,0.10
1929,396,North,140,5,427.50,2024-08-30,0.10
2096,351,West,118,1,45.00,2024-08-30,0.00
1456,258,West,113,3,1890.00,2024-08-31,0.10
1477,234,East,107,1,250.00,2024-08-31,0.00
2327,279,North,127,5,51.00,2024-08-31,0.15
3131,237,East,137,3,45.00,2024-08-31,0.00
3330,324,North,111,3,270.00,2024-08-31,0.00
3913,266,West,132,1,237.50,2024-08-31,0.05
1467,257,West,116,2,240.00,2024-09-01,0.00
1848,204,North,109,4,114.00,2024-09-01,0.05
2388,345,West,137,2,30.00,2024-09-01,0.00
2737,221,West,136,3,96.00,2024-09-01,0.20
3035,243,North,104,1,142.50,2024-09-01,0.05
1990,372,East,113,3,2100.00,2024-09-02,0.00
2153,339,North,132,1,250.00,2024-09-02,0.00
3896,347,East,137,1,15.00,2024-09-02,0.00
1742,397,South,129,3,242.25,2024-09-03,0.05
3067,279,South,127,4,45.60,2024-09-03,0.05
3222,323,South,105,2,700.00,2024-09-03,0.00
3592,269,South,118,2,85.50,2024-09-03,0.05
3756,228,East,104,1,120.00,2024-09-03,0.20
3930,235,South,104,1,150.00,2024-09-03,0.00
1448,215,North,122,2,190.00,2024-09-04,0.00
1190,319,East,111,3,243.00,2024-09-05,0.10
2417,220,East,134,3,191.25,2024-09-05,0.15
2503,289,East,118,3,135.00,2024-09-05,0.00
2697,344,East,133,2,320.00,2024-09-05,0.00
1041,395,South,123,2,88.00,2024-09-06,0.20
1323,243,North,121,1,110.00,2024-09-06,0.00
1353,387,West,117,1,25.00,2024-09-06,0.00
1386,240,South,107,1,250.00,2024-09-06,0.00
1998,201,East,118,1,45.00,2024-09-06,0.00
2601,233,South,119,4,119.00,2024-09-06,0.15
3057,295,West,121,4,440.00,2024-09-06,0.00
3436,238,West,131,1,153.00,2024-09-06,0.15
1618,211,South,135,3,561.00,2024-09-07,0.15
1763,334,West,115,4,40.00,2024-09-07,0.00
3737,228,East,140,3,256.50,2024-09-07,0.10
3760,384,West,127,8,86.40,2024-09-07,0.10
1794,315,East,111,2,153.00,2024-09-08,0.15
2220,283,South,109,2,57.00,2024-09-08,0.05
2451,388,West,130,1,42.75,2024-09-08,0.05
3845,307,South,134,2,135.00,2024-09-08,0.10
2785,319,West,126,2,16.00,2024-09-09,0.00
2831,226,West,123,3,156.75,2024-09-09,0.05
3655,316,South,132,1,225.00,2024-09-09,0.10
3849,224,East,137,1,13.50,2024-09-09,0.10
1298,281,South,110,2,380.00,2024-09-10,0.05
2509,236,North,126,1,7.60,2024-09-10,0.05
2840,260,East,111,2,180.00,2024-09-10,0.00
2977,394,North,123,2,110.00,2024-09-10,0.00
3056,217,West,125,1,252.00,2024-09-10,0.10
3157,203,West,115,2,19.00,2024-09-10,0.05
1297,367,North,140,8,684.00,2024-09-11,0.10
2495,285,East,111,1,90.00,2024-09-11,0.00
2949,292,East,106,3,810.00,2024-09-11,0.10
3050,395,North,106,4,1200.00,2024-09-11,0.00
3907,236,South,125,1,280.00,2024-09-11,0.00
2548,245,East,124,1,450.00,2024-09-12,0.10
1291,342,East,107,1,250.00,2024-09-13,0.00
1759,218,East,115,1,9.00,2024-09-13,0.10
2573,369,North,122,5,427.50,2024-09-13,0.10
3873,267,East,132,2,500.00,2024-09-13,0.00
2627,229,North,122,2,161.50,2024-09-14,0.15
3332,321,West,127,6,64.80,2024-09-14,0.10
2218,212,North,118,2,90.00,2024-09-15,0.00
2499,231,North,108,2,95.00,2024-09-15,0.05
2149,373,South,132,1,250.00,2024-09-16,0.00
2199,303,South,126,4,30.40,2024-09-17,0.05
2923,271,East,137,3,45.00,2024-09-17,0.00
3886,345,East,131,1,171.00,2024-09-17,0.05
2231,393,West,103,1,570.00,2024-09-18,0.05
2360,375,West,123,3,165.00,2024-09-18,0.00
3239,306,South,130,1,45.00,2024-09-18,0.00
3634,283,North,124,2,1000.00,2024-09-19,0.00
2051,346,South,134,1,63.75,2024-09-20,0.15
2276,386,West,121,1,104.50,2024-09-20,0.05
2753,346,North,130,5,180.00,2024-09-20,0.20
3224,334,South,117,3,75.00,2024-09-20,0.00
1762,318,East,137,3,45.00,2024-09-21,0.00
2394,355,South,109,1,28.50,2024-09-21,0.05
3262,307,West,107,1,250.00,2024-09-21,0.00
3810,395,North,108,1,50.00,2024-09-21,0.00
2458,339,West,119,8,252.00,2024-09-22,0.10
2646,231,West,116,2,240.00,2024-09-22,0.00
2747,203,East,109,4,120.00,2024-09-22,0.00
3772,225,West,138,4,61.20,2024-09-22,0.15
2773,354,South,128,2,36.00,2024-09-23,0.10
3184,370,North,125,2,560.00,2024-09-23,0.00
3563,302,North,127,1,10.80,2024-09-23,0.10
1844,316,North,139,1,585.00,2024-09-24,0.10
1946,244,West,105,2,560.00,2024-09-24,0.20
1966,328,West,121,2,220.00,2024-09-24,0.00
3024,350,South,137,1,15.00,2024-09-24,0.00
3673,368,East,117,1,25.00,2024-09-24,0.00
1025,347,East,114,10,450.00,2024-09-25,0.10
1105,270,South,129,1,72.25,2024-09-25,0.15
1107,336,South,112,2,144.00,2024-09-25,0.10
1769,324,North,137,2,25.50,2024-09-25,0.15
2279,230,North,114,4,200.00,2024-09-25,0.00
2813,385,South,109,4,108.00,2024-09-25,0.10
1716,343,North,138,3,54.00,2024-09-26,0.00
2651,398,South,107,2,425.00,2024-09-26,0.15
2999,212,West,125,3,714.00,2024-09-26,0.15
3167,319,West,127,6,64.80,2024-09-26,0.10
3668,259,West,130,2,81.00,2024-09-26,0.10
1869,320,North,119,6,189.00,2024-09-27,0.10
1893,334,South,127,4,48.00,2024-09-27,0.00
3264,398,South,102,1,800.00,2024-09-27,0.00
1630,344,West,124,1,500.00,2024-09-28,0.00
1908,295,North,117,2,47.50,2024-09-28,0.05
2348,228,North,133,1,144.00,2024-09-28,0.10
3197,383,South,133,1,152.00,2024-09-29,0.05
3401,255,East,118,4,180.00,2024-09-29,0.00
1668,326,North,111,3,270.00,2024-09-30,0.00
2482,209,South,108,5,225.00,2024-09-30,0.10
2540,317,West,125,1,280.00,2024-09-30,0.00
2605,379,North,123,2,88.00,2024-09-30,0.20
3322,396,East,122,3,270.75,2024-09-30,0.05
3764,385,West,138,5,81.00,2024-09-30,0.10
1213,377,South,129,5,382.50,2024-10-01,0.10
2097,390,North,121,3,330.00,2024-10-01,0.00
2538,335,West,110,1,190.00,2024-10-01,0.05
3899,218,North,116,2,240.00,2024-10-01,0.00
1119,336,West,122,3,256.50,2024-10-02,0.10
2532,389,East,116,2,216.00,2024-10-02,0.10
3527,317,North,110,1,200.00,2024-10-02,0.00
3908,320,North,129,1,85.00,2024-10-02,0.00
1522,364,North,115,3,28.50,2024-10-03,0.05
1826,226,East,122,3,270.75,2024-10-03,0.05
1195,318,North,139,1,617.50,2024-10-04,0.05
2533,265,North,117,3,63.75,2024-10-04,0.15
3960,362,East,138,4,68.40,2024-10-04,0.05
2012,286,East,138,4,64.80,2024-10-05,0.10
2339,202,South,126,1,6.80,2024-10-05,0.15
2647,385,West,104,1,150.00,2024-10-05,0.00
2717,297,East,132,3,712.50,2024-10-05,0.05
3619,363,North,104,2,300.00,2024-10-05,0.00
3620,223,South,133,1,136.00,2024-10-05,0.15
1389,238,South,107,2,450.00,2024-10-06,0.10
3998,261,North,123,3,140.25,2024-10-06,0.15
1413,378,East,137,3,40.50,2024-10-07,0.10
1492,236,North,128,3,57.00,2024-10-07,0.05
1961,298,South,107,1,225.00,2024-10-07,0.10
3762,281,West,132,4,1000.00,2024-10-07,0.00
2620,313,North,102,1,760.00,2024-10-08,0.05
3568,237,South,114,2,100.00,2024-10-08,0.00
1289,224,South,101,1,1200.00,2024-10-09,0.00
1369,361,South,106,2,570.00,2024-10-09,0.05
1427,341,North,135,1,220.00,2024-10-09,0.00
1710,270,West,128,1,20.00,2024-10-09,0.00
3952,247,North,138,4,68.40,2024-10-09,0.05
3963,343,North,119,2,70.00,2024-10-09,0.00
1571,372,West,111,2,171.00,2024-10-10,0.05
1907,331,West,138,1,15.30,2024-10-10,0.15
2404,201,West,111,2,180.00,2024-10-10,0.00
2761,356,North,110,2,400.00,2024-10-10,0.00
2938,290,South,116,1,120.00,2024-10-10,0.00
3174,377,East,115,4,40.00,2024-10-10,0.00
3820,222,West,125,1,266.00,2024-10-10,0.05
1988,272,West,136,3,102.00,2024-10-11,0.15
2516,228,North,137,5,63.75,2024-10-11,0.15
2825,335,West,137,1,14.25,2024-10-11,0.05
2921,388,East,126,6,43.20,2024-10-11,0.10
1139,243,North,129,3,204.00,2024-10-12,0.20
1560,378,East,126,2,15.20,2024-10-12,0.05
3200,251,West,135,2,440.00,2024-10-12,0.00
3831,248,East,136,1,40.00,2024-10-12,0.00
3942,372,West,137,4,57.00,2024-10-12,0.05
1197,268,West,130,2,85.50,2024-10-13,0.05
2720,367,North,116,1,108.00,2024-10-13,0.10
2890,266,East,108,3,135.00,2024-10-13,0.10
3423,334,East,115,3,24.00,2024-10-13,0.20
1349,388,North,133,1,160.00,2024-10-14,0.00
2033,234,North,116,1,114.00,2024-10-14,0.05
3209,234,East,113,2,1330.00,2024-10-14,0.05
3712,321,East,104,2,300.00,2024-10-14,0.00
1376,284,South,106,1,270.00,2024-10-15,0.10
1677,391,South,138,5,76.50,2024-10-15,0.15
2009,261,West,126,5,36.00,2024-10-15,0.10
2089,234,South,120,2,342.00,2024-10-15,0.05
2852,215,South,127,8,86.40,2024-10-15,0.10
3371,269,West,122,1,95.00,2024-10-15,0.00
3885,245,East,138,3,48.60,2024-10-15,0.10
2262,394,South,116,3,288.00,2024-10-16,0.20
2844,321,West,138,2,32.40,2024-10-16,0.10
2948,294,South,133,3,384.00,2024-10-16,0.20
1392,257,West,108,3,135.00,2024-10-17,0.10
1624,309,East,111,4,360.00,2024-10-17,0.00
2882,254,East,136,2,80.00,2024-10-17,0.00
2987,246,West,140,6,513.00,2024-10-17,0.10
3878,359,South,140,1,95.00,2024-10-17,0.00
1099,224,West,119,1,35.00,2024-10-18,0.00
1233,240,West,119,5,148.75,2024-10-18,0.15
1899,371,South,115,4,40.00,2024-10-18,0.00
2243,307,West,138,3,48.60,2024-10-18,0.10
2682,259,North,114,3,142.50,2024-10-18,0.05
3809,233,North,128,2,34.00,2024-10-18,0.15
1286,326,East,112,1,76.00,2024-10-19,0.05
1541,207,West,137,4,57.00,2024-10-19,0.05
2167,249,South,111,3,216.00,2024-10-19,0.20
2480,361,East,106,1,255.00,2024-10-19,0.15
2907,378,East,138,1,18.00,2024-10-19,0.00
3487,246,South,132,1,200.00,2024-10-19,0.20
2228,296,North,121,2,220.00,2024-10-20,0.00
2286,256,East,121,4,440.00,2024-10-20,0.00
1242,298,West,119,1,28.00,2024-10-21,0.20
2098,345,South,119,6,178.50,2024-10-21,0.15
2476,263,West,130,1,45.00,2024-10-21,0.00
2793,261,East,117,5,112.50,2024-10-21,0.10
3369,201,West,128,4,80.00,2024-10-21,0.00
3385,387,North,103,1,600.00,2024-10-21,0.00
3434,224,South,132,1,250.00,2024-10-21,0.00
1245,373,South,129,1,80.75,2024-10-22,0.05
1622,377,East,101,1,1200.00,2024-10-22,0.00
2632,349,West,129,3,229.50,2024-10-22,0.10
3000,252,North,137,5,67.50,2024-10-23,0.10
3565,294,South,140,5,427.50,2024-10-23,0.10
1611,208,South,121,2,220.00,2024-10-24,0.00
1692,277,West,104,2,255.00,2024-10-24,0.15
2474,340,North,137,3,45.00,2024-10-24,0.00
2848,296,South,103,1,540.00,2024-10-24,0.10
2926,356,West,122,3,270.75,2024-10-24,0.05
2937,360,North,121,1,99.00,2024-10-24,0.10
1229,283,North,138,3,54.00,2024-10-25,0.00
1398,341,North,121,1,99.00,2024-10-25,0.10
2274,242,South,138,2,32.40,2024-10-25,0.10
2763,255,North,115,2,20.00,2024-10-25,0.00
3518,273,East,135,2,352.00,2024-10-25,0.20
3786,239,North,136,2,72.00,2024-10-25,0.10
1517,356,East,136,5,170.00,2024-10-26,0.15
1879,363,East,101,2,2280.00,2024-10-26,0.05
3448,386,East,127,1,12.00,2024-10-26,0.00
3481,319,East,121,1,104.50,2024-10-26,0.05
3843,351,South,140,8,684.00,2024-10-26,0.10
1053,322,West,129,3,216.75,2024-10-27,0.15
1198,250,South,117,2,47.50,2024-10-27,0.05
3181,326,East,126,1,8.00,2024-10-27,0.00
3905,321,East,111,1,85.50,2024-10-27,0.05
1080,225,East,112,2,128.00,2024-10-28,0.20
1129,241,West,117,3,67.50,2024-10-28,0.10
1404,257,West,125,3,672.00,2024-10-28,0.20
1438,387,North,137,2,30.00,2024-10-28,0.00
1733,302,North,140,5,380.00,2024-10-28,0.20
1771,234,North,111,4,360.00,2024-10-28,0.00
2758,381,West,113,1,560.00,2024-10-28,0.20
3663,265,East,123,1,49.50,2024-10-28,0.10
1765,337,East,135,2,374.00,2024-10-29,0.15
1820,337,East,112,1,76.00,2024-10-29,0.05
1843,385,North,140,5,427.50,2024-10-29,0.10
2110,247,North,103,1,600.00,2024-10-29,0.00
3318,252,North,136,1,36.00,2024-10-29,0.10
2190,355,East,137,2,24.00,2024-10-30,0.20
3258,322,South,127,3,36.00,2024-10-30,0.00
3382,222,North,120,3,513.00,2024-10-30,0.05
3834,295,West,136,3,108.00,2024-10-30,0.10
1512,251,West,110,1,180.00,2024-10-31,0.10
2041,319,North,110,1,170.00,2024-10-31,0.15
2288,399,East,110,4,720.00,2024-10-31,0.10
3530,369,West,123,2,110.00,2024-10-31,0.00
1697,224,South,112,1,80.00,2024-11-01,0.00
1798,208,East,112,2,160.00,2024-11-01,0.00
3469,284,North,128,6,108.00,2024-11-01,0.10
3500,210,South,106,1,300.00,2024-11-01,0.00
1315,248,East,110,2,340.00,2024-11-02,0.15
1443,356,South,128,6,108.00,2024-11-02,0.10
2413,393,North,109,2,48.00,2024-11-02,0.20
2754,397,South,108,2,90.00,2024-11-02,0.10
2956,381,North,131,2,360.00,2024-11-02,0.00
3648,338,East,130,2,90.00,2024-11-02,0.00
1146,290,South,138,3,51.30,2024-11-03,0.05
1171,220,East,125,2,560.00,2024-11-03,0.00
1360,211,West,138,2,32.40,2024-11-03,0.10
1685,293,South,139,2,1040.00,2024-11-03,0.20
1097,259,West,118,3,135.00,2024-11-04,0.00
1604,241,South,106,2,600.00,2024-11-04,0.00
1948,394,East,132,1,237.50,2024-11-05,0.05
3586,271,North,121,1,110.00,2024-11-05,0.00
2470,363,West,117,2,50.00,2024-11-06,0.00
2645,300,South,137,2,27.00,2024-11-06,0.10
2694,326,North,126,6,43.20,2024-11-06,0.10
3019,375,North,124,2,1000.00,2024-11-06,0.00
3466,231,East,119,8,252.00,2024-11-06,0.10
1474,234,East,126,10,72.00,2024-11-07,0.10
1634,287,East,118,4,180.00,2024-11-07,0.00
3326,369,South,122,1,76.00,2024-11-07,0.20
3426,400,West,108,2,80.00,2024-11-07,0.20
3493,300,East,109,3,76.50,2024-11-07,0.15
1565,362,East,103,1,510.00,2024-11-08,0.15
1977,242,East,114,1,50.00,2024-11-08,0.00
2898,361,West,136,5,180.00,2024-11-08,0.10
3213,356,West,125,1,224.00,2024-11-08,0.20
3833,294,East,135,1,198.00,2024-11-08,0.10
3015,319,West,123,3,156.75,2024-11-09,0.05
3904,266,North,136,2,72.00,2024-11-09,0.10
1591,222,West,114,2,90.00,2024-11-10,0.10
1912,352,North,131,3,540.00,2024-11-10,0.00
3003,282,East,105,2,665.00,2024-11-10,0.05
1100,344,East,124,2,800.00,2024-11-11,0.20
1208,308,East,109,3,76.50,2024-11-11,0.15
2912,353,North,138,1,15.30,2024-11-11,0.15
3141,381,North,135,1,220.00,2024-11-11,0.00
3317,232,South,136,3,108.00,2024-11-11,0.10
3600,355,South,124,1,500.00,2024-11-11,0.00
1817,240,West,135,1,198.00,2024-11-12,0.10
2039,212,East,122,2,171.00,2024-11-12,0.10
2088,226,South,109,1,28.50,2024-11-12,0.05
1373,368,South,118,3,128.25,2024-11-14,0.05
1693,286,West,116,3,306.00,2024-11-14,0.15
2024,202,East,122,1,85.50,2024-11-14,0.10
2390,276,West,107,1,250.00,2024-11-14,0.00
2410,220,West,102,2,1520.00,2024-11-14,0.05
2502,218,West,120,1,180.00,2024-11-14,0.00
3219,296,East,136,1,32.00,2024-11-14,0.20
3400,353,West,108,1,47.50,2024-11-14,0.05
3509,284,East,136,3,114.00,2024-11-14,0.05
1304,330,West,138,1,14.40,2024-11-15,0.20
1748,285,North,137,1,13.50,2024-11-15,0.10
1873,239,West,137,1,12.00,2024-11-15,0.20
2058,276,South,130,5,202.50,2024-11-15,0.10
2774,339,South,114,3,142.50,2024-11-15,0.05
3012,254,South,138,5,81.00,2024-11-15,0.10
3033,327,West,102,1,680.00,2024-11-15,0.15
3069,322,South,105,1,350.00,2024-11-15,0.00
1864,385,East,119,5,148.75,2024-11-16,0.15
2446,277,South,136,1,34.00,2024-11-16,0.15
3790,212,West,112,4,304.00,2024-11-16,0.05
1358,234,West,117,2,50.00,2024-11-17,0.00
1494,299,East,128,6,108.00,2024-11-17,0.10
1588,399,South,128,6,108.00,2024-11-17,0.10
2497,372,West,106,2,600.00,2024-11-17,0.00
3081,207,East,103,1,540.00,2024-11-17,0.10
1620,348,East,108,5,225.00,2024-11-18,0.10
2034,300,East,120,2,324.00,2024-11-18,0.10
2049,278,North,131,1,153.00,2024-11-18,0.15
2054,260,East,129,2,170.00,2024-11-18,0.00
2517,400,North,118,3,108.00,2024-11-18,0.20
1803,309,South,127,6,64.80,2024-11-19,0.10
2236,280,North,109,3,90.00,2024-11-19,0.00
2281,338,South,111,3,243.00,2024-11-19,0.10
2688,356,West,136,3,120.00,2024-11-19,0.00
1593,281,North,118,3,135.00,2024-11-20,0.00
3279,372,North,114,5,225.00,2024-11-20,0.10
3435,256,East,102,2,1440.00,2024-11-20,0.10
3517,209,East,122,3,256.50,2024-11-20,0.10
3858,370,North,135,2,440.00,2024-11-20,0.00
2148,203,East,119,4,140.00,2024-11-21,0.00
2219,254,South,138,2,36.00,2024-11-21,0.00
2326,320,South,121,3,280.50,2024-11-21,0.15
2528,237,East,139,1,520.00,2024-11-21,0.20
3513,231,West,139,1,650.00,2024-11-21,0.00
3970,360,North,129,3,255.00,2024-11-21,0.00
2350,275,North,114,4,180.00,2024-11-22,0.10
3891,252,West,125,3,840.00,2024-11-22,0.00
1424,358,East,137,3,42.75,2024-11-23,0.05
1954,205,North,138,8,129.60,2024-11-23,0.10
2340,248,North,118,1,42.75,2024-11-23,0.05
3572,314,West,129,4,340.00,2024-11-23,0.00
3718,233,North,103,2,960.00,2024-11-23,0.20
1500,334,East,128,5,90.00,2024-11-24,0.10
1515,336,East,130,3,114.75,2024-11-24,0.15
3287,288,West,135,2,396.00,2024-11-24,0.10
3850,369,West,114,8,360.00,2024-11-24,0.10
1059,274,West,140,1,90.25,2024-11-25,0.05
1661,256,North,140,1,85.50,2024-11-25,0.10
1788,378,West,126,5,36.00,2024-11-25,0.10
1872,389,South,136,1,34.00,2024-11-25,0.15
3064,325,East,126,6,43.20,2024-11-25,0.10
3085,385,North,117,2,50.00,2024-11-25,0.00
3267,352,East,126,8,57.60,2024-11-25,0.10
3368,281,North,117,1,23.75,2024-11-25,0.05
3872,327,West,128,5,90.00,2024-11-25,0.10
2020,321,East,114,10,425.00,2024-11-26,0.15
2048,324,East,127,4,43.20,2024-11-26,0.10
3202,316,North,109,4,120.00,2024-11-26,0.00
3989,229,West,126,1,8.00,2024-11-26,0.00
1128,366,South,109,2,57.00,2024-11-27,0.05
1496,352,East,121,2,198.00,2024-11-27,0.10
1666,366,West,131,1,162.00,2024-11-27,0.10
3198,386,South,119,3,105.00,2024-11-27,0.00
2624,210,East,110,1,190.00,2024-11-28,0.05
3599,366,East,105,1,350.00,2024-11-28,0.00
3949,275,South,104,3,450.00,2024-11-28,0.00
1064,274,North,128,3,57.00,2024-11-29,0.05
1774,274,South,114,1,50.00,2024-11-29,0.00
1834,256,North,126,2,16.00,2024-11-29,0.00
1898,211,East,140,3,285.00,2024-11-29,0.00
2213,209,East,137,1,14.25,2024-11-29,0.05
2969,354,North,117,4,90.00,2024-11-29,0.10
3478,393,East,137,2,30.00,2024-11-29,0.00
3683,332,West,106,2,570.00,2024-11-29,0.05
1991,232,North,123,1,44.00,2024-11-30,0.20
3640,342,South,109,2,51.00,2024-11-30,0.15
1504,304,North,134,3,225.00,2024-12-01,0.00
1909,344,West,106,4,1080.00,2024-12-01,0.10
2151,291,West,118,1,40.50,2024-12-01,0.10
3027,230,North,128,5,90.00,2024-12-01,0.10
3142,373,West,132,2,475.00,2024-12-01,0.05
3919,203,West,140,1,95.00,2024-12-01,0.00
1165,221,South,115,5,45.00,2024-12-02,0.10
1779,352,East,127,3,36.00,2024-12-02,0.00
1835,219,South,125,3,840.00,2024-12-02,0.00
2672,394,South,131,1,171.00,2024-12-02,0.05
3415,342,East,101,1,1200.00,2024-12-02,0.00
3593,394,North,105,2,665.00,2024-12-02,0.05
1821,312,West,102,2,1280.00,2024-12-03,0.20
2333,336,North,128,2,32.00,2024-12-03,0.20
1028,359,East,112,2,136.00,2024-12-04,0.15
1170,346,North,104,1,142.50,2024-12-04,0.05
1629,266,East,120,1,180.00,2024-12-04,0.00
1636,293,East,130,1,38.25,2024-12-04,0.15
1669,342,East,109,4,114.00,2024-12-04,0.05
2099,236,East,121,1,93.50,2024-12-04,0.15
2206,330,South,131,1,171.00,2024-12-04,0.05
3007,299,East,114,5,225.00,2024-12-04,0.10
3344,234,North,115,4,40.00,2024-12-04,0.00
1124,291,South,122,1,80.75,2024-12-05,0.15
1793,201,East,131,1,171.00,2024-12-05,0.05
2903,276,South,108,2,80.00,2024-12-05,0.20
3059,304,West,120,1,162.00,2024-12-05,0.10
3099,267,East,118,2,72.00,2024-12-05,0.20
3252,371,East,109,5,135.00,2024-12-05,0.10
3282,270,North,139,1,585.00,2024-12-05,0.10
3576,328,West,124,1,450.00,2024-12-05,0.10
3660,276,West,110,4,760.00,2024-12-05,0.05
3853,238,South,112,3,240.00,2024-12-05,0.00
1737,306,North,115,8,68.00,2024-12-06,0.15
1809,288,North,123,4,209.00,2024-12-06,0.05
2642,398,North,111,1,90.00,2024-12-06,0.00
2659,388,North,119,8,252.00,2024-12-06,0.10
3083,317,East,114,2,100.00,2024-12-06,0.00
3443,219,South,136,3,102.00,2024-12-06,0.15
1051,286,East,123,2,110.00,2024-12-07,0.00
1507,331,East,124,1,425.00,2024-12-07,0.15
1802,236,South,127,5,54.00,2024-12-07,0.10
2457,232,East,129,2,170.00,2024-12-07,0.00
3118,274,East,117,2,50.00,2024-12-07,0.00
1151,262,West,118,1,38.25,2024-12-08,0.15
1319,351,South,108,1,45.00,2024-12-08,0.10
1382,334,West,118,3,128.25,2024-12-08,0.05
1894,379,East,122,2,161.50,2024-12-08,0.15
2021,292,East,140,1,85.50,2024-12-08,0.10
2814,225,East,115,5,45.00,2024-12-08,0.10
2902,340,North,108,1,47.50,2024-12-08,0.05
3472,236,South,115,4,40.00,2024-12-08,0.00
3779,258,South,103,2,1020.00,2024-12-08,0.15
4000,337,North,129,2,170.00,2024-12-08,0.00
1063,237,East,112,3,204.00,2024-12-09,0.15
1545,219,North,130,2,90.00,2024-12-09,0.00
2072,310,South,118,4,162.00,2024-12-09,0.10
2123,370,South,140,4,380.00,2024-12-09,0.00
2824,231,South,127,8,81.60,2024-12-09,0.15
3714,360,South,118,1,45.00,2024-12-09,0.00
3868,224,East,137,2,30.00,2024-12-09,0.00
1963,244,South,103,2,1140.00,2024-12-10,0.05
2209,284,East,128,1,18.00,2024-12-10,0.10
2552,310,West,120,3,540.00,2024-12-10,0.00
3254,280,North,128,5,90.00,2024-12-10,0.10
3360,340,West,106,2,480.00,2024-12-10,0.20
3699,205,East,105,1,350.00,2024-12-10,0.00
1562,374,West,130,2,90.00,2024-12-11,0.00
3259,265,West,117,5,112.50,2024-12-11,0.10
3976,349,South,118,3,135.00,2024-12-11,0.00
1375,212,North,138,2,30.60,2024-12-12,0.15
2117,343,North,119,6,189.00,2024-12-12,0.10
3901,201,West,108,2,95.00,2024-12-12,0.05
1262,342,South,115,4,40.00,2024-12-13,0.00
2176,332,South,127,3,32.40,2024-12-13,0.10
3120,305,South,109,2,60.00,2024-12-13,0.00
3935,325,South,119,2,70.00,2024-12-13,0.00
1123,361,South,115,4,36.00,2024-12-14,0.10
1502,365,East,138,3,54.00,2024-12-14,0.00
2910,334,West,140,1,76.00,2024-12-14,0.20
3140,392,East,116,1,114.00,2024-12-14,0.05
3454,332,South,140,4,304.00,2024-12-14,0.20
3742,366,East,108,3,142.50,2024-12-14,0.05
3941,206,South,112,1,72.00,2024-12-14,0.10
1039,363,West,134,2,150.00,2024-12-15,0.00
1751,310,North,135,1,187.00,2024-12-15,0.15
1994,221,West,134,2,127.50,2024-12-15,0.15
2589,340,North,129,4,323.00,2024-12-15,0.05
2706,203,North,115,10,90.00,2024-12-15,0.10
2850,386,West,121,4,440.00,2024-12-15,0.00
2881,233,North,122,1,90.25,2024-12-15,0.05
3026,305,East,109,5,135.00,2024-12-15,0.10
1148,236,West,104,3,405.00,2024-12-16,0.10
2050,390,West,129,4,323.00,2024-12-16,0.05
2689,226,East,114,2,100.00,2024-12-16,0.00
2704,383,East,117,1,25.00,2024-12-16,0.00
3062,248,North,112,1,80.00,2024-12-16,0.00
3526,289,North,103,1,600.00,2024-12-16,0.00
3921,382,South,132,2,425.00,2024-12-16,0.15
1638,227,West,107,1,225.00,2024-12-17,0.10
2749,348,West,128,2,36.00,2024-12-17,0.10
3076,237,West,117,1,25.00,2024-12-17,0.00
3241,304,North,134,1,60.00,2024-12-17,0.20
3269,351,West,127,6,61.20,2024-12-17,0.15
3293,344,East,131,2,342.00,2024-12-17,0.05
1784,284,North,119,3,99.75,2024-12-18,0.05
1819,230,East,104,2,240.00,2024-12-18,0.20
1918,312,East,136,3,120.00,2024-12-18,0.00
2745,230,East,122,2,190.00,2024-12-18,0.00
2888,308,North,140,10,807.50,2024-12-18,0.15
3884,217,South,115,3,28.50,2024-12-18,0.05
1837,332,West,129,2,153.00,2024-12-19,0.10
2000,306,South,133,2,320.00,2024-12-19,0.00
2398,315,West,129,1,80.75,2024-12-19,0.05
2345,209,North,109,3,90.00,2024-12-20,0.00
3008,289,East,140,8,684.00,2024-12-20,0.10
3158,255,East,110,1,200.00,2024-12-20,0.00
3629,312,South,108,5,225.00,2024-12-20,0.10
1073,243,West,114,6,270.00,2024-12-21,0.10
1143,236,North,136,2,64.00,2024-12-21,0.20
1582,315,East,126,2,16.00,2024-12-21,0.00
2118,243,West,101,1,1020.00,2024-12-21,0.15
2237,363,West,111,5,405.00,2024-12-21,0.10
2272,244,West,137,2,30.00,2024-12-21,0.00
2448,243,West,111,2,162.00,2024-12-21,0.10
2822,325,West,127,3,36.00,2024-12-21,0.00
3283,400,East,123,3,148.50,2024-12-21,0.10
1047,331,South,129,2,161.50,2024-12-22,0.05
1595,324,East,110,4,760.00,2024-12-22,0.05
1787,359,North,113,1,700.00,2024-12-22,0.00
2292,242,South,125,3,840.00,2024-12-22,0.00
2835,327,South,127,2,21.60,2024-12-22,0.10
3231,242,South,136,1,38.00,2024-12-22,0.05
1400,383,East,116,3,342.00,2024-12-23,0.05
1447,255,South,137,2,30.00,2024-12-23,0.00
1559,359,North,106,1,270.00,2024-12-23,0.10
1863,338,West,110,1,170.00,2024-12-23,0.15
1895,279,South,109,5,135.00,2024-12-23,0.10
1978,263,South,133,4,608.00,2024-12-23,0.05
2259,288,North,103,2,1200.00,2024-12-23,0.00
3324,235,North,102,1,640.00,2024-12-23,0.20
3601,256,West,121,2,220.00,2024-12-23,0.00
1886,214,South,105,2,700.00,2024-12-24,0.00
2859,365,South,118,1,42.75,2024-12-24,0.05
2900,248,West,114,4,180.00,2024-12-24,0.10
1336,264,East,131,2,360.00,2024-12-25,0.00
1665,380,North,123,2,104.50,2024-12-25,0.05
1965,300,North,115,5,45.00,2024-12-25,0.10
2543,273,North,134,1,75.00,2024-12-25,0.00
3127,259,West,128,2,34.00,2024-12-25,0.15
3168,279,East,135,2,374.00,2024-12-25,0.15
3525,224,South,122,1,90.25,2024-12-25,0.05
1203,287,East,122,2,180.50,2024-12-26,0.05
1267,326,East,139,1,585.00,2024-12-26,0.10
1957,325,East,131,2,342.00,2024-12-26,0.05
2359,226,South,119,3,105.00,2024-12-26,0.00
2726,321,East,140,3,242.25,2024-12-26,0.15
3358,235,North,134,4,300.00,2024-12-26,0.00
3654,280,West,115,3,28.50,2024-12-26,0.05
3675,358,West,131,3,486.00,2024-12-26,0.10
1026,323,North,108,3,135.00,2024-12-27,0.10
1646,321,East,123,3,165.00,2024-12-27,0.00
1833,252,North,126,1,7.20,2024-12-27,0.10
1956,400,East,115,1,9.00,2024-12-27,0.10
3105,301,North,126,4,32.00,2024-12-27,0.00
3407,206,South,132,1,237.50,2024-12-27,0.05
1035,304,East,138,1,18.00,2024-12-28,0.00
1121,220,West,110,2,360.00,2024-12-28,0.10
2055,366,East,118,5,202.50,2024-12-28,0.10
2172,335,West,128,2,40.00,2024-12-28,0.00
2498,282,North,111,1,90.00,2024-12-28,0.00
2513,253,North,128,2,36.00,2024-12-28,0.10
2522,246,East,126,3,21.60,2024-12-28,0.10
2695,346,North,131,1,162.00,2024-12-28,0.10
2776,225,North,108,4,200.00,2024-12-28,0.00
3053,394,North,109,4,120.00,2024-12-28,0.00
3066,275,East,108,1,47.50,2024-12-28,0.05
1366,382,North,108,2,95.00,2024-12-29,0.05
1416,257,North,127,2,24.00,2024-12-29,0.00
3047,322,East,134,3,213.75,2024-12-29,0.05
3179,249,South,134,5,337.50,2024-12-29,0.10
3445,364,North,114,3,150.00,2024-12-29,0.00
3588,310,East,129,1,80.75,2024-12-29,0.05
1194,332,West,120,1,180.00,2024-12-30,0.00
2068,275,West,129,4,340.00,2024-12-30,0.00
2979,344,South,121,2,220.00,2024-12-30,0.00
2995,252,East,138,1,14.40,2024-12-30,0.20
3297,220,South,140,5,427.50,2024-12-30,0.10
1266,259,West,117,3,67.50,2024-12-31,0.10
1947,232,South,112,3,216.00,2024-12-31,0.10
2132,302,South,108,1,50.00,2024-12-31,0.00
2187,233,West,115,4,40.00,2024-12-31,0.00
2716,309,South,128,1,19.00,2024-12-31,0.05
1712,353,North,123,2,93.50,2025-01-01,0.15
2427,397,West,129,5,382.50,2025-01-01,0.10
3265,227,West,121,1,110.00,2025-01-01,0.00
3387,228,East,117,1,20.00,2025-01-01,0.20
3777,379,West,137,3,45.00,2025-01-01,0.00
2104,346,West,122,1,85.50,2025-01-02,0.10
2424,305,East,137,3,45.00,2025-01-02,0.00
2520,291,North,119,3,105.00,2025-01-02,0.00
3512,383,South,135,1,209.00,2025-01-02,0.05
1091,293,North,122,5,427.50,2025-01-03,0.10
2471,260,West,107,2,450.00,2025-01-03,0.10
2569,241,West,116,1,108.00,2025-01-03,0.10
2998,353,East,131,4,648.00,2025-01-03,0.10
3671,372,West,124,2,1000.00,2025-01-03,0.00
1953,252,East,115,4,36.00,2025-01-04,0.10
2238,297,South,109,3,81.00,2025-01-04,0.10
2686,270,North,136,3,108.00,2025-01-04,0.10
2733,212,North,114,2,90.00,2025-01-04,0.10
1958,321,West,120,1,171.00,2025-01-05,0.05
2307,393,West,104,1,142.50,2025-01-05,0.05
2561,253,North,107,1,212.50,2025-01-05,0.15
3869,328,North,132,1,212.50,2025-01-05,0.15
1785,397,East,116,1,108.00,2025-01-06,0.10
1901,202,East,140,4,380.00,2025-01-06,0.00
2083,216,South,135,1,198.00,2025-01-06,0.10
3193,335,North,116,1,114.00,2025-01-06,0.05
3613,260,South,125,1,280.00,2025-01-06,0.00
3867,234,South,112,5,360.00,2025-01-06,0.10
1048,238,West,117,4,85.00,2025-01-07,0.15
1200,294,North,131,2,360.00,2025-01-07,0.00
1711,367,West,117,3,63.75,2025-01-07,0.15
3412,288,West,116,1,114.00,2025-01-07,0.05
1237,384,North,126,6,43.20,2025-01-08,0.10
1632,400,South,114,5,225.00,2025-01-08,0.10
3094,394,South,127,2,24.00,2025-01-08,0.00
3510,243,East,108,5,212.50,2025-01-08,0.15
3721,219,South,132,4,1000.00,2025-01-08,0.00
1321,230,East,110,1,200.00,2025-01-09,0.00
1458,360,North,118,3,114.75,2025-01-09,0.15
2631,228,West,126,5,36.00,2025-01-09,0.10
3529,209,East,115,5,45.00,2025-01-09,0.10
1290,248,East,119,1,35.00,2025-01-10,0.00
1532,220,North,110,1,190.00,2025-01-11,0.05
2152,216,East,108,3,150.00,2025-01-11,0.00
3459,319,East,130,4,180.00,2025-01-11,0.00
3605,236,East,103,2,1140.00,2025-01-12,0.05
1016,380,East,136,1,40.00,2025-01-13,0.00
1580,215,West,109,2,48.00,2025-01-13,0.20
1649,268,East,106,2,570.00,2025-01-13,0.05
2667,251,North,127,5,54.00,2025-01-13,0.10
2874,245,East,122,1,95.00,2025-01-13,0.00
3664,338,East,102,1,720.00,2025-01-13,0.10
1172,230,North,103,2,1200.00,2025-01-14,0.00
1201,236,West,129,1,72.25,2025-01-15,0.15
1209,389,East,130,2,72.00,2025-01-15,0.20
1924,291,North,134,2,142.50,2025-01-15,0.05
2171,366,South,130,1,40.50,2025-01-15,0.10
2175,235,South,130,1,45.00,2025-01-15,0.00
2534,353,South,121,2,220.00,2025-01-15,0.00
2080,386,West,129,2,170.00,2025-01-16,0.00
2261,334,South,133,4,640.00,2025-01-16,0.00
2539,271,North,115,3,28.50,2025-01-16,0.05
2635,214,East,126,2,16.00,2025-01-16,0.00
1311,280,West,116,1,120.00,2025-01-17,0.00
2510,306,East,127,2,22.80,2025-01-17,0.05
2816,353,North,104,1,127.50,2025-01-17,0.15
3791,378,South,108,1,47.50,2025-01-17,0.05
1510,363,South,139,2,1300.00,2025-01-18,0.00
1856,233,East,111,2,144.00,2025-01-18,0.20
1368,208,South,116,1,96.00,2025-01-19,0.20
1478,275,East,119,3,94.50,2025-01-19,0.10
1700,251,West,124,1,500.00,2025-01-19,0.00
2541,376,East,109,2,57.00,2025-01-19,0.05
1754,310,South,126,10,72.00,2025-01-20,0.10
1926,344,West,126,4,30.40,2025-01-20,0.05
2371,332,East,119,2,70.00,2025-01-20,0.00
3212,341,South,123,5,220.00,2025-01-20,0.20
3234,390,East,116,2,204.00,2025-01-21,0.15
3507,293,West,108,4,200.00,2025-01-21,0.00
1142,397,South,114,10,450.00,2025-01-22,0.10
1318,230,West,114,4,190.00,2025-01-22,0.05
2077,289,South,101,2,2160.00,2025-01-22,0.10
2583,387,West,138,2,36.00,2025-01-22,0.00
1357,262,East,121,4,352.00,2025-01-23,0.20
3074,393,South,109,2,51.00,2025-01-23,0.15
3925,286,West,136,3,120.00,2025-01-23,0.00
1256,344,South,118,2,90.00,2025-01-24,0.00
1380,389,North,130,1,42.75,2025-01-24,0.05
3386,275,West,122,4,380.00,2025-01-24,0.00
1822,375,North,138,3,45.90,2025-01-25,0.15
1874,388,North,131,2,324.00,2025-01-25,0.10
2519,248,East,114,3,150.00,2025-01-25,0.00
3587,205,North,124,1,500.00,2025-01-25,0.00
3170,224,West,128,4,80.00,2025-01-26,0.00
3628,400,East,112,2,152.00,2025-01-26,0.05
1140,393,South,130,2,81.00,2025-01-27,0.10
1523,307,West,128,6,108.00,2025-01-27,0.10
1682,303,East,121,2,176.00,2025-01-27,0.20
1221,397,East,107,2,400.00,2025-01-28,0.20
1433,300,South,134,4,285.00,2025-01-28,0.05
3143,379,West,124,2,1000.00,2025-01-28,0.00
1317,217,West,125,1,280.00,2025-01-29,0.00
1322,299,East,118,4,144.00,2025-01-30,0.20
2707,380,East,110,1,200.00,2025-01-30,0.00
2970,314,North,103,3,1440.00,2025-01-30,0.20
3357,338,South,123,1,55.00,2025-01-30,0.00
1566,342,West,114,4,200.00,2025-02-01,0.00
1777,219,West,115,1,10.00,2025-02-01,0.00
3536,263,West,132,1,200.00,2025-02-01,0.20
3614,245,North,105,1,350.00,2025-02-01,0.00
1058,384,East,136,3,120.00,2025-02-02,0.00
1432,225,South,106,4,1140.00,2025-02-02,0.05
2419,286,South,103,1,570.00,2025-02-02,0.05
3119,369,West,137,2,28.50,2025-02-02,0.05
3339,262,East,104,2,270.00,2025-02-02,0.10
3755,387,East,134,2,135.00,2025-02-02,0.10
1328,399,West,123,3,148.50,2025-02-03,0.10
3121,373,East,130,2,85.50,2025-02-03,0.05
3280,396,South,138,4,72.00,2025-02-03,0.00
3734,308,West,106,3,810.00,2025-02-03,0.10
1280,220,South,128,4,80.00,2025-02-04,0.00
1399,335,West,113,1,700.00,2025-02-04,0.00
2459,296,East,110,1,170.00,2025-02-04,0.15
2617,271,South,106,1,300.00,2025-02-04,0.00
2462,328,East,130,3,128.25,2025-02-05,0.05
3433,238,West,118,1,40.50,2025-02-05,0.10
1684,386,South,115,3,28.50,2025-02-06,0.05
1987,296,North,129,2,170.00,2025-02-06,0.00
3749,216,South,118,1,42.75,2025-02-06,0.05
1420,306,South,121,1,104.50,2025-02-07,0.05
2179,226,South,108,2,90.00,2025-02-07,0.10
2582,202,South,117,1,25.00,2025-02-07,0.00
1519,392,West,122,2,171.00,2025-02-08,0.10
1825,374,North,128,5,85.00,2025-02-08,0.15
2701,335,West,121,1,110.00,2025-02-08,0.00
3226,396,East,122,3,270.75,2025-02-08,0.05
3309,387,North,132,1,250.00,2025-02-08,0.00
3701,324,North,129,4,340.00,2025-02-08,0.00
1647,275,West,126,2,13.60,2025-02-09,0.15
1327,345,West,130,1,45.00,2025-02-10,0.00
2312,233,South,130,1,40.50,2025-02-10,0.10
2597,379,East,108,1,50.00,2025-02-10,0.00
2795,400,West,140,3,285.00,2025-02-10,0.00
3994,332,North,129,1,72.25,2025-02-10,0.15
1219,375,North,131,3,540.00,2025-02-11,0.00
1535,370,West,115,1,9.00,2025-02-11,0.10
1181,289,West,108,3,135.00,2025-02-12,0.10
2192,278,North,107,1,225.00,2025-02-13,0.10
2472,396,South,127,8,86.40,2025-02-13,0.10
2596,298,West,128,1,18.00,2025-02-13,0.10
3084,205,West,108,2,100.00,2025-02-13,0.00
3958,261,West,129,4,306.00,2025-02-13,0.10
3186,291,North,135,1,220.00,2025-02-14,0.00
2756,224,North,130,3,135.00,2025-02-15,0.00
3579,319,North,119,5,157.50,2025-02-15,0.10
2579,297,East,108,1,47.50,2025-02-16,0.05
2946,357,South,121,4,440.00,2025-02-16,0.00
3447,234,South,126,1,6.80,2025-02-16,0.15
2064,291,West,131,3,459.00,2025-02-17,0.15
3818,204,South,121,1,93.50,2025-02-17,0.15
1680,361,East,138,5,81.00,2025-02-18,0.10
1875,226,South,119,1,31.50,2025-02-18,0.10
2186,307,South,111,2,171.00,2025-02-18,0.05
3427,305,North,127,1,10.80,2025-02-18,0.10
1238,332,East,118,3,128.25,2025-02-19,0.05
1292,300,West,132,4,1000.00,2025-02-19,0.00
1699,379,North,108,2,90.00,2025-02-19,0.10
1775,271,West,108,1,47.50,2025-02-19,0.05
1914,278,South,134,2,150.00,2025-02-19,0.00
3910,275,East,137,2,30.00,2025-02-19,0.00
1797,341,North,139,3,1950.00,2025-02-20,0.00
1191,303,South,108,2,95.00,2025-02-21,0.05
1538,393,East,126,5,36.00,2025-02-21,0.10
1264,253,South,117,1,25.00,2025-02-22,0.00
2558,214,East,129,5,382.50,2025-02-22,0.10
3735,217,South,105,2,560.00,2025-02-22,0.20
2421,222,East,140,5,427.50,2025-02-23,0.10
2845,391,South,115,5,45.00,2025-02-23,0.10
2976,370,West,127,5,54.00,2025-02-23,0.10
3112,343,North,114,1,45.00,2025-02-23,0.10
3196,321,East,139,1,650.00,2025-02-23,0.00
3370,271,South,122,1,95.00,2025-02-23,0.00
1235,336,North,129,1,80.75,2025-02-24,0.05
1643,317,East,127,4,45.60,2025-02-24,0.05
1275,221,South,117,5,112.50,2025-02-25,0.10
1499,335,East,131,4,648.00,2025-02-25,0.10
1569,315,East,109,4,120.00,2025-02-25,0.00
2133,390,East,124,1,500.00,2025-02-25,0.00
1282,220,East,115,6,54.00,2025-02-26,0.10
1341,273,East,116,2,240.00,2025-02-26,0.00
1383,364,North,134,2,120.00,2025-02-27,0.20
1628,325,East,115,3,27.00,2025-02-27,0.10
2967,299,West,115,3,30.00,2025-02-27,0.00
3689,338,West,130,2,85.50,2025-02-27,0.05
2615,337,East,120,2,360.00,2025-02-28,0.00
1877,279,South,109,3,72.00,2025-03-01,0.20
1936,400,South,130,1,42.75,2025-03-01,0.05
2449,379,West,119,6,189.00,2025-03-01,0.10
2957,379,South,128,6,96.00,2025-03-01,0.20
3717,247,West,117,4,100.00,2025-03-01,0.00
1674,228,North,121,3,297.00,2025-03-02,0.10
1688,342,East,122,1,90.25,2025-03-02,0.05
2781,311,West,139,3,1852.50,2025-03-02,0.05
2794,302,West,112,1,80.00,2025-03-02,0.00
3538,301,West,114,2,100.00,2025-03-02,0.00
3775,348,North,102,2,1360.00,2025-03-02,0.15
1207,238,South,134,3,225.00,2025-03-03,0.00
1749,357,East,128,4,64.00,2025-03-03,0.20
2300,258,East,103,1,540.00,2025-03-03,0.10
2370,270,North,111,3,270.00,2025-03-03,0.00
2725,265,North,114,1,45.00,2025-03-03,0.10
2897,261,South,109,2,60.00,2025-03-03,0.00
3464,282,South,118,2,81.00,2025-03-03,0.10
3839,206,West,123,4,176.00,2025-03-03,0.20
3902,396,South,119,4,119.00,2025-03-03,0.15
2782,263,North,128,2,32.00,2025-03-04,0.20
1152,353,East,123,3,156.75,2025-03-05,0.05
1308,392,East,122,2,190.00,2025-03-05,0.00
2197,382,North,128,2,40.00,2025-03-05,0.00
3049,251,West,114,2,100.00,2025-03-05,0.00
3402,232,East,136,1,40.00,2025-03-05,0.00
1250,275,West,112,3,216.00,2025-03-06,0.10
1631,374,North,139,1,650.00,2025-03-06,0.00
2500,273,West,103,1,570.00,2025-03-06,0.05
3533,208,North,115,4,38.00,2025-03-06,0.05
3862,385,East,103,1,570.00,2025-03-06,0.05
1804,258,East,110,3,600.00,2025-03-07,0.00
2309,276,South,128,5,90.00,2025-03-07,0.10
2868,291,West,137,1,15.00,2025-03-07,0.00
2894,319,East,128,6,108.00,2025-03-07,0.10
3551,224,North,103,2,1080.00,2025-03-07,0.10
3719,317,East,135,3,627.00,2025-03-07,0.05
1239,266,West,134,1,75.00,2025-03-08,0.00
1870,364,West,138,4,72.00,2025-03-08,0.00
2450,353,West,111,1,81.00,2025-03-08,0.10
3456,213,North,130,1,38.25,2025-03-08,0.15
3618,239,West,120,4,576.00,2025-03-08,0.20
3542,382,South,137,2,25.50,2025-03-09,0.15
3649,382,North,127,2,22.80,2025-03-09,0.05
1185,329,East,127,2,22.80,2025-03-10,0.05
1919,348,South,102,1,760.00,2025-03-10,0.05
3947,318,West,105,2,560.00,2025-03-10,0.20
1463,308,West,118,5,202.50,2025-03-11,0.10
1689,240,South,108,1,45.00,2025-03-11,0.10
2087,389,South,113,2,1400.00,2025-03-11,0.00
2260,269,North,130,5,202.50,2025-03-11,0.10
2488,384,South,114,5,225.00,2025-03-12,0.10
3844,371,East,138,2,30.60,2025-03-12,0.15
2090,333,West,132,2,400.00,2025-03-13,0.20
2362,362,North,130,4,162.00,2025-03-14,0.10
2665,363,South,127,6,64.80,2025-03-14,0.10
1440,229,North,118,3,108.00,2025-03-15,0.20
1964,308,East,114,10,450.00,2025-03-15,0.10
2821,244,East,140,3,270.75,2025-03-15,0.05
3725,355,South,138,3,48.60,2025-03-15,0.10
1589,324,South,133,2,288.00,2025-03-16,0.10
2565,275,North,114,3,150.00,2025-03-16,0.00
3304,236,West,106,1,285.00,2025-03-16,0.05
3707,272,West,138,3,51.30,2025-03-16,0.05
3797,286,North,123,2,99.00,2025-03-16,0.10
2832,222,North,120,2,360.00,2025-03-17,0.00
3767,213,East,138,3,54.00,2025-03-17,0.00
1377,390,East,127,3,32.40,2025-03-18,0.10
1871,334,West,121,3,330.00,2025-03-18,0.00
3975,397,North,118,2,81.00,2025-03-18,0.10
1969,224,East,129,1,80.75,2025-03-19,0.05
3694,253,East,134,1,75.00,2025-03-19,0.00
3887,372,West,107,1,250.00,2025-03-19,0.00
3235,351,South,122,4,361.00,2025-03-20,0.05
3650,298,North,121,2,220.00,2025-03-20,0.00
3789,345,North,136,3,114.00,2025-03-20,0.05
3837,270,West,118,2,72.00,2025-03-21,0.20
1584,386,West,128,1,20.00,2025-03-22,0.00
1791,218,East,126,6,43.20,2025-03-22,0.10
1534,240,West,104,2,285.00,2025-03-23,0.05
3134,292,North,128,3,60.00,2025-03-23,0.00
1111,279,South,104,1,150.00,2025-03-24,0.00
1917,271,West,121,1,104.50,2025-03-24,0.05
2696,239,East,104,3,450.00,2025-03-24,0.00
1942,327,South,108,2,80.00,2025-03-25,0.20
2223,346,West,109,5,135.00,2025-03-25,0.10
3165,274,North,121,1,104.50,2025-03-25,0.05
1745,322,South,119,1,29.75,2025-03-26,0.15
3194,253,East,117,3,75.00,2025-03-26,0.00
1131,386,West,135,1,220.00,2025-03-27,0.00
1415,398,North,139,2,1040.00,2025-03-27,0.20
2057,351,South,137,4,54.00,2025-03-27,0.10
2869,279,North,110,3,540.00,2025-03-27,0.10
3373,214,South,118,3,128.25,2025-03-27,0.05
1261,394,South,121,1,93.50,2025-03-28,0.15
1388,376,East,115,2,17.00,2025-03-28,0.15
1575,289,East,121,2,220.00,2025-03-28,0.00
2806,319,North,121,1,93.50,2025-03-28,0.15
2858,374,South,140,8,684.00,2025-03-28,0.10
3185,311,North,113,2,1190.00,2025-03-28,0.15
3658,214,East,107,1,212.50,2025-03-28,0.15
1095,353,South,123,1,49.50,2025-03-29,0.10
1258,249,South,104,1,150.00,2025-03-29,0.00
1484,226,South,128,1,17.00,2025-03-29,0.15
1718,240,South,119,3,105.00,2025-03-29,0.00
1828,382,North,138,3,48.60,2025-03-29,0.10
1951,374,North,103,1,600.00,2025-03-29,0.00
2315,345,West,127,3,36.00,2025-03-29,0.00
2640,305,East,128,5,90.00,2025-03-29,0.10
3169,351,West,128,4,76.00,2025-03-29,0.05
3364,215,West,132,2,400.00,2025-03-29,0.20
3476,275,South,127,6,64.80,2025-03-29,0.10
3973,290,North,123,1,55.00,2025-03-29,0.00
2106,349,West,119,3,105.00,2025-03-30,0.00
3545,212,East,114,8,340.00,2025-03-30,0.15
3598,328,South,138,10,162.00,2025-03-30,0.10
1730,264,West,119,6,189.00,2025-03-31,0.10
1104,358,East,128,4,72.00,2025-04-01,0.10
2225,371,South,121,2,220.00,2025-04-01,0.00
3800,256,West,105,1,297.50,2025-04-01,0.15
3937,213,West,109,1,30.00,2025-04-01,0.00
1014,316,East,113,1,700.00,2025-04-02,0.00
1029,310,East,115,5,40.00,2025-04-02,0.20
2066,229,West,140,6,513.00,2025-04-02,0.10
2842,302,West,132,1,200.00,2025-04-02,0.20
3388,285,North,130,3,121.50,2025-04-02,0.10
3624,308,South,129,2,170.00,2025-04-02,0.00
1724,234,West,110,1,190.00,2025-04-03,0.05
2588,348,East,113,1,665.00,2025-04-03,0.05
3441,220,North,106,3,765.00,2025-04-03,0.15
3923,298,North,138,4,61.20,2025-04-03,0.15
1306,369,North,128,4,72.00,2025-04-04,0.10
1672,375,East,121,1,99.00,2025-04-04,0.10
2508,278,South,106,3,900.00,2025-04-04,0.00
2985,253,East,121,1,110.00,2025-04-04,0.00
3661,280,West,118,2,90.00,2025-04-04,0.00
3993,305,East,126,4,30.40,2025-04-04,0.05
1232,364,South,137,1,15.00,2025-04-05,0.00
1539,289,West,119,4,112.00,2025-04-05,0.20
1617,221,East,128,5,90.00,2025-04-05,0.10
3135,359,East,126,1,7.60,2025-04-05,0.05
3711,315,North,123,4,209.00,2025-04-05,0.05
3716,375,East,128,3,60.00,2025-04-05,0.00
1012,388,East,122,4,342.00,2025-04-06,0.10
1217,344,North,128,4,80.00,2025-04-06,0.00
1603,354,East,122,3,285.00,2025-04-06,0.00
1757,231,North,130,2,90.00,2025-04-06,0.00
2997,378,South,133,1,160.00,2025-04-06,0.00
3249,326,East,107,2,425.00,2025-04-06,0.15
3803,201,East,105,2,665.00,2025-04-06,0.05
2935,328,South,135,2,374.00,2025-04-07,0.15
3228,237,North,131,1,180.00,2025-04-07,0.00
3642,340,East,118,4,162.00,2025-04-07,0.10
1847,368,West,103,1,540.00,2025-04-08,0.10
1896,291,West,114,2,95.00,2025-04-08,0.05
2004,380,North,135,2,440.00,2025-04-08,0.00
2103,365,North,124,1,500.00,2025-04-08,0.00
2623,259,North,127,1,12.00,2025-04-08,0.00
1882,214,South,108,2,100.00,2025-04-09,0.00
3686,293,East,128,3,54.00,2025-04-09,0.10
1435,333,East,133,1,144.00,2025-04-10,0.10
2059,321,West,133,1,144.00,2025-04-11,0.10
2885,361,West,117,1,25.00,2025-04-11,0.00
3641,227,West,132,3,712.50,2025-04-11,0.05
2100,284,East,106,1,255.00,2025-04-12,0.15
2221,217,South,127,1,10.20,2025-04-12,0.15
3473,398,North,128,4,72.00,2025-04-12,0.10
3939,252,West,108,1,50.00,2025-04-12,0.00
1520,342,North,127,2,24.00,2025-04-13,0.00
1714,205,South,116,1,96.00,2025-04-13,0.20
1812,369,West,140,2,190.00,2025-04-13,0.00
2078,315,West,127,4,45.60,2025-04-13,0.05
2791,316,North,128,2,40.00,2025-04-13,0.00
3359,379,East,127,1,10.80,2025-04-13,0.10
1043,333,West,117,3,75.00,2025-04-14,0.00
1342,375,North,131,3,540.00,2025-04-14,0.00
1564,338,West,111,3,229.50,2025-04-14,0.15
1717,334,East,139,1,650.00,2025-04-14,0.00
2378,298,South,138,4,72.00,2025-04-14,0.00
3438,398,East,115,1,10.00,2025-04-14,0.00
3610,206,East,130,5,191.25,2025-04-14,0.15
1972,396,West,123,2,110.00,2025-04-15,0.00
2085,349,West,124,1,475.00,2025-04-15,0.05
2430,356,North,106,2,540.00,2025-04-15,0.10
3444,350,East,138,1,18.00,2025-04-15,0.00
2559,373,North,127,5,48.00,2025-04-16,0.20
1579,233,North,125,1,266.00,2025-04-17,0.05
2067,344,North,104,3,382.50,2025-04-17,0.15
2662,241,South,122,2,171.00,2025-04-17,0.10
1633,221,South,117,1,25.00,2025-04-18,0.00
2247,323,West,104,2,270.00,2025-04-18,0.10
1094,238,South,105,2,700.00,2025-04-19,0.00
1842,377,North,117,3,75.00,2025-04-19,0.00
2374,337,East,108,5,225.00,2025-04-19,0.10
3124,361,South,109,3,76.50,2025-04-19,0.15
3780,286,North,115,6,54.00,2025-04-19,0.10
1472,286,North,127,1,12.00,2025-04-20,0.00
1694,368,West,135,2,440.00,2025-04-20,0.00
1739,232,East,107,1,225.00,2025-04-20,0.10
1976,282,West,136,4,160.00,2025-04-20,0.00
2353,249,East,140,2,190.00,2025-04-20,0.00
2768,214,South,115,4,36.00,2025-04-20,0.10
2861,338,East,121,2,209.00,2025-04-20,0.05
3070,260,West,137,4,57.00,2025-04-20,0.05
1011,326,West,107,3,675.00,2025-04-21,0.10
2122,282,West,136,5,180.00,2025-04-21,0.10
2224,398,South,128,6,108.00,2025-04-21,0.10
3150,382,East,122,1,90.25,2025-04-21,0.05
3715,311,East,124,1,475.00,2025-04-21,0.05
3875,242,East,137,3,45.00,2025-04-21,0.00
1651,218,South,110,2,400.00,2025-04-22,0.00
1723,314,West,130,3,135.00,2025-04-22,0.00
2708,320,North,126,6,43.20,2025-04-22,0.10
2800,308,South,140,4,380.00,2025-04-22,0.00
2916,373,South,114,4,190.00,2025-04-22,0.05
1305,380,East,137,1,13.50,2025-04-23,0.10
2477,222,East,138,4,72.00,2025-04-23,0.00
3288,304,North,111,3,243.00,2025-04-23,0.10
3547,371,North,122,2,190.00,2025-04-23,0.00
1085,317,North,107,4,1000.00,2025-04-24,0.00
1921,292,South,104,1,150.00,2025-04-24,0.00
2158,211,West,121,2,209.00,2025-04-24,0.05
3828,390,South,127,5,51.00,2025-04-24,0.15
1915,201,South,109,3,90.00,2025-04-25,0.00
2317,376,North,123,2,110.00,2025-04-25,0.00
3051,352,South,115,2,20.00,2025-04-25,0.00
1188,328,East,136,2,80.00,2025-04-26,0.00
1731,391,East,125,2,560.00,2025-04-26,0.00
3166,381,North,137,2,30.00,2025-04-26,0.00
3574,241,East,134,1,67.50,2025-04-26,0.10
1122,315,West,128,10,180.00,2025-04-27,0.10
2178,276,East,135,2,374.00,2025-04-27,0.15
2356,310,East,121,1,110.00,2025-04-27,0.00
3092,366,North,128,5,90.00,2025-04-27,0.10
3483,327,North,140,2,180.50,2025-04-27,0.05
2301,352,East,110,1,190.00,2025-04-28,0.05
2567,300,South,102,2,1520.00,2025-04-28,0.05
2712,227,East,108,2,95.00,2025-04-28,0.05
3537,269,East,118,3,114.75,2025-04-28,0.15
1070,236,West,127,2,22.80,2025-04-29,0.05
2762,354,West,130,1,45.00,2025-04-29,0.00
2846,304,South,105,1,332.50,2025-04-29,0.05
1010,310,North,128,1,19.00,2025-04-30,0.05
1078,344,East,115,4,38.00,2025-04-30,0.05
1527,390,North,124,1,475.00,2025-04-30,0.05
1578,323,East,121,1,110.00,2025-04-30,0.00
1876,256,South,108,1,47.50,2025-04-30,0.05
2031,242,South,117,5,112.50,2025-04-30,0.10
1226,229,West,116,2,240.00,2025-05-01,0.00
1412,312,West,133,1,128.00,2025-05-01,0.20
1999,333,West,129,1,80.75,2025-05-01,0.05
3217,352,West,133,1,160.00,2025-05-01,0.00
3306,264,North,106,2,510.00,2025-05-01,0.15
3442,217,North,117,1,23.75,2025-05-01,0.05
2298,223,West,132,1,225.00,2025-05-02,0.10
2461,223,North,133,2,320.00,2025-05-02,0.00
1038,396,East,131,3,540.00,2025-05-03,0.00
2304,350,West,123,3,165.00,2025-05-03,0.00
3813,234,East,131,4,720.00,2025-05-03,0.00
2306,232,East,104,1,150.00,2025-05-04,0.00
2475,362,North,132,1,250.00,2025-05-04,0.00
2629,293,South,116,1,96.00,2025-05-04,0.20
1230,350,North,130,3,128.25,2025-05-05,0.05
1505,281,East,108,1,50.00,2025-05-05,0.00
2767,299,North,128,5,90.00,2025-05-05,0.10
2989,361,West,115,8,72.00,2025-05-05,0.10
1161,292,North,136,1,36.00,2025-05-06,0.10
1462,282,West,128,10,180.00,2025-05-06,0.10
1702,290,South,111,3,270.00,2025-05-06,0.00
1709,379,North,126,1,8.00,2025-05-06,0.00
2391,259,North,119,2,59.50,2025-05-06,0.15
3052,289,East,130,5,202.50,2025-05-06,0.10
3979,250,North,111,3,270.00,2025-05-06,0.00
1827,359,West,107,3,600.00,2025-05-07,0.20
2799,337,West,134,3,225.00,2025-05-07,0.00
3036,211,West,114,4,190.00,2025-05-07,0.05
3128,296,South,123,2,104.50,2025-05-07,0.05
3821,400,South,131,1,171.00,2025-05-07,0.05
1514,232,South,132,4,1000.00,2025-05-08,0.00
3001,258,North,110,1,170.00,2025-05-08,0.15
3302,377,West,123,1,55.00,2025-05-08,0.00
3846,215,South,119,3,105.00,2025-05-08,0.00
3911,301,South,116,1,96.00,2025-05-08,0.20
1596,302,West,130,3,128.25,2025-05-09,0.05
1251,261,North,115,2,20.00,2025-05-10,0.00
2165,317,West,113,2,1120.00,2025-05-10,0.20
2664,334,West,115,6,54.00,2025-05-10,0.10
3227,240,South,138,3,48.60,2025-05-10,0.10
1109,213,South,128,3,57.00,2025-05-11,0.05
1581,364,West,103,1,600.00,2025-05-11,0.00
3061,294,West,102,1,760.00,2025-05-11,0.05
3890,367,North,121,1,110.00,2025-05-11,0.00
2023,331,East,134,1,60.00,2025-05-12,0.20
3746,212,West,109,2,54.00,2025-05-12,0.10
1153,291,South,113,1,560.00,2025-05-13,0.20
2284,238,North,126,6,43.20,2025-05-13,0.10
2867,397,South,115,5,45.00,2025-05-13,0.10
3013,300,South,120,1,171.00,2025-05-13,0.05
1271,317,East,117,3,71.25,2025-05-14,0.05
1845,304,West,108,2,90.00,2025-05-15,0.10
2670,277,West,135,2,418.00,2025-05-15,0.05
2911,201,East,106,1,270.00,2025-05-15,0.10
3366,222,North,123,2,110.00,2025-05-15,0.00
3455,249,North,112,2,160.00,2025-05-15,0.00
3566,201,North,133,2,320.00,2025-05-15,0.00
3616,353,West,118,5,202.50,2025-05-15,0.10
2439,219,West,112,2,152.00,2025-05-16,0.05
2973,300,West,132,1,250.00,2025-05-16,0.00
3271,367,West,135,2,440.00,2025-05-16,0.00
2760,301,South,123,5,247.50,2025-05-17,0.10
1320,277,East,137,2,30.00,2025-05-18,0.00
1557,319,North,127,2,24.00,2025-05-18,0.00
1728,270,North,138,2,36.00,2025-05-18,0.00
2841,277,North,138,2,36.00,2025-05-18,0.00
3040,269,South,106,2,510.00,2025-05-18,0.15
3700,208,East,122,2,171.00,2025-05-18,0.10
2136,317,South,101,1,1020.00,2025-05-19,0.15
2271,328,South,133,2,272.00,2025-05-19,0.15
3486,376,North,119,2,59.50,2025-05-19,0.15
1613,268,North,113,2,1400.00,2025-05-20,0.00
2770,309,South,123,1,55.00,2025-05-20,0.00
3621,365,East,113,2,1330.00,2025-05-20,0.05
2207,319,East,103,1,600.00,2025-05-21,0.00
3543,263,North,108,5,225.00,2025-05-21,0.10
1007,349,South,103,3,1800.00,2025-05-22,0.00
1350,393,East,136,1,38.00,2025-05-22,0.05
3577,360,South,105,4,1400.00,2025-05-22,0.00
1141,321,North,137,2,28.50,2025-05-23,0.05
2109,223,West,109,1,24.00,2025-05-23,0.20
2135,374,West,103,1,540.00,2025-05-23,0.10
2289,206,South,123,5,247.50,2025-05-23,0.10
3393,251,North,113,1,700.00,2025-05-23,0.00
3787,358,South,138,10,153.00,2025-05-23,0.15
3871,342,West,112,3,228.00,2025-05-23,0.05
1347,220,North,108,1,45.00,2025-05-24,0.10
2294,238,West,117,1,25.00,2025-05-24,0.00
3645,232,West,126,1,7.20,2025-05-24,0.10
1234,371,West,134,3,202.50,2025-05-25,0.10
1363,351,West,127,1,10.80,2025-05-25,0.10
1594,345,South,117,3,75.00,2025-05-25,0.00
2429,311,West,104,1,120.00,2025-05-26,0.20
2436,360,South,138,3,54.00,2025-05-26,0.00
2971,280,North,138,4,68.40,2025-05-26,0.05
3647,230,North,106,1,255.00,2025-05-26,0.15
1808,390,East,128,4,76.00,2025-05-27,0.05
2180,265,West,115,2,18.00,2025-05-27,0.10
3384,385,South,128,2,32.00,2025-05-27,0.20
3546,330,South,136,3,108.00,2025-05-27,0.10
3968,243,South,102,2,1440.00,2025-05-27,0.10
1459,366,South,126,3,24.00,2025-05-28,0.00
3277,246,North,123,1,49.50,2025-05-28,0.10
3964,297,East,110,1,170.00,2025-05-28,0.15
1483,322,North,129,1,80.75,2025-05-29,0.05
3145,275,South,126,10,72.00,2025-05-29,0.10
3462,389,West,134,2,135.00,2025-05-29,0.10
1487,211,West,123,2,110.00,2025-05-30,0.00
1916,274,East,118,1,45.00,2025-05-30,0.00
2310,291,East,126,4,30.40,2025-05-30,0.05
1189,376,South,118,1,45.00,2025-05-31,0.00
1331,261,West,111,4,342.00,2025-05-31,0.05
1482,228,North,127,3,36.00,2025-05-31,0.00
1691,324,West,109,3,76.50,2025-05-31,0.15
2140,207,North,140,10,807.50,2025-05-31,0.15
3137,393,North,123,3,165.00,2025-05-31,0.00
3251,332,East,107,1,212.50,2025-05-31,0.15
3832,252,North,138,1,16.20,2025-05-31,0.10
1017,305,West,121,2,209.00,2025-06-01,0.05
1806,295,East,108,1,45.00,2025-06-01,0.10
2046,358,East,117,2,50.00,2025-06-01,0.00
3519,326,West,109,5,135.00,2025-06-01,0.10
3798,377,North,140,3,270.75,2025-06-01,0.05
1018,205,North,107,1,237.50,2025-06-02,0.05
3852,366,East,138,3,54.00,2025-06-02,0.00
1868,270,North,111,1,90.00,2025-06-03,0.00
1897,247,West,140,4,380.00,2025-06-03,0.00
2637,317,West,115,3,24.00,2025-06-03,0.20
1040,227,South,136,2,64.00,2025-06-04,0.20
1609,338,East,134,5,337.50,2025-06-04,0.10
2156,218,East,116,4,456.00,2025-06-05,0.05
2944,271,North,103,1,510.00,2025-06-05,0.15
3090,335,West,118,2,90.00,2025-06-05,0.00
3432,370,North,108,3,150.00,2025-06-05,0.00
1752,285,East,122,3,285.00,2025-06-06,0.00
2232,371,West,140,2,161.50,2025-06-06,0.15
1405,261,West,126,8,57.60,2025-06-07,0.10
3038,300,East,104,1,135.00,2025-06-07,0.10
1781,234,West,107,1,250.00,2025-06-08,0.00
1923,376,South,133,1,152.00,2025-06-08,0.05
2204,338,West,114,5,225.00,2025-06-08,0.10
2757,226,East,120,3,486.00,2025-06-08,0.10
1836,210,South,128,8,144.00,2025-06-09,0.10
2355,214,East,117,5,112.50,2025-06-09,0.10
2524,226,West,114,3,150.00,2025-06-09,0.00
2743,375,North,133,2,272.00,2025-06-09,0.15
3348,240,South,118,1,40.50,2025-06-09,0.10
3591,217,West,122,2,190.00,2025-06-09,0.00
3638,392,East,105,2,665.00,2025-06-09,0.05
2076,276,West,118,4,162.00,2025-06-10,0.10
3740,202,South,138,10,162.00,2025-06-10,0.10
3806,293,West,125,2,504.00,2025-06-10,0.10
2460,377,East,128,8,136.00,2025-06-11,0.15
1113,311,South,110,2,340.00,2025-06-12,0.15
1248,353,East,104,1,135.00,2025-06-12,0.10
3399,377,East,117,1,25.00,2025-06-12,0.00
3759,314,North,128,2,40.00,2025-06-12,0.00
1316,316,South,126,2,14.40,2025-06-13,0.10
1530,314,West,134,3,202.50,2025-06-13,0.10
1776,341,North,115,2,20.00,2025-06-13,0.00
2226,364,East,130,1,45.00,2025-06-13,0.00
3499,243,East,104,2,300.00,2025-06-13,0.00
2325,400,East,113,1,560.00,2025-06-15,0.20
1023,259,South,117,1,25.00,2025-06-16,0.00
1255,262,South,135,2,374.00,2025-06-16,0.15
2387,339,South,130,1,42.75,2025-06-16,0.05
2486,324,North,111,3,256.50,2025-06-16,0.05
2975,323,West,134,4,300.00,2025-06-16,0.00
3072,362,West,125,2,504.00,2025-06-16,0.10
3596,201,East,115,2,20.00,2025-06-16,0.00
1115,281,East,125,1,280.00,2025-06-17,0.00
1766,393,West,115,2,20.00,2025-06-18,0.00
2433,294,North,116,1,96.00,2025-06-18,0.20
3693,354,West,123,1,55.00,2025-06-18,0.00
1176,275,West,137,4,57.00,2025-06-19,0.05
1460,284,South,136,4,152.00,2025-06-19,0.05
2856,398,West,105,1,297.50,2025-06-19,0.15
3298,207,South,140,6,456.00,2025-06-19,0.20
3697,333,West,136,2,80.00,2025-06-19,0.00
3741,330,South,125,2,560.00,2025-06-19,0.00
1093,303,North,119,3,89.25,2025-06-20,0.15
1561,202,West,115,4,40.00,2025-06-20,0.00
1726,235,East,121,1,93.50,2025-06-20,0.15
2075,348,East,105,2,665.00,2025-06-21,0.05
2545,397,West,124,1,450.00,2025-06-21,0.10
3088,239,North,107,1,250.00,2025-06-21,0.00
3451,234,South,138,2,36.00,2025-06-22,0.00
3632,242,West,140,1,95.00,2025-06-22,0.00
2809,267,East,136,3,96.00,2025-06-23,0.20
2941,370,South,118,2,90.00,2025-06-23,0.00
3054,311,West,106,1,270.00,2025-06-23,0.10
1179,223,South,105,2,700.00,2025-06-24,0.00
1857,357,East,128,4,80.00,2025-06-24,0.00
2073,208,West,119,4,140.00,2025-06-24,0.00
2828,367,North,136,1,32.00,2025-06-24,0.20
3733,333,East,110,1,200.00,2025-06-24,0.00
3750,250,North,126,2,16.00,2025-06-24,0.00
3776,341,East,105,2,700.00,2025-06-24,0.00
1795,278,West,137,4,48.00,2025-06-25,0.20
3045,391,North,138,1,17.10,2025-06-25,0.05
1265,267,East,123,2,110.00,2025-06-26,0.00
2600,212,North,140,6,513.00,2025-06-26,0.10
3465,327,East,132,1,225.00,2025-06-26,0.10
1096,368,West,127,2,22.80,2025-06-27,0.05
1193,241,West,134,1,75.00,2025-06-27,0.00
1354,222,East,113,1,560.00,2025-06-27,0.20
2138,293,North,122,1,80.75,2025-06-27,0.15
3744,388,East,106,3,720.00,2025-06-27,0.20
3835,317,West,118,5,202.50,2025-06-27,0.10
1263,328,West,120,2,360.00,2025-06-28,0.00
2780,206,West,110,2,400.00,2025-06-28,0.00
1351,357,South,127,4,48.00,2025-06-29,0.00
1489,224,North,132,3,675.00,2025-06-29,0.10
3175,349,North,122,2,190.00,2025-06-29,0.00
3492,284,West,110,3,600.00,2025-06-29,0.00
1753,362,North,122,3,256.50,2025-06-30,0.10
2053,325,East,118,5,191.25,2025-06-30,0.15
2506,312,North,112,4,288.00,2025-06-30,0.10
3139,265,North,123,3,140.25,2025-06-30,0.15
3417,255,South,112,1,72.00,2025-06-30,0.10
3988,399,East,130,1,40.50,2025-06-30,0.10
1246,240,West,114,1,45.00,2025-07-01,0.10
2293,251,North,130,3,121.50,2025-07-01,0.10
2423,329,West,111,5,405.00,2025-07-01,0.10
2607,390,North,123,4,220.00,2025-07-01,0.00
3446,383,West,138,5,81.00,2025-07-01,0.10
3631,229,West,126,3,21.60,2025-07-01,0.10
3794,244,West,107,1,250.00,2025-07-01,0.00
1653,273,West,114,2,100.00,2025-07-02,0.00
2056,379,North,119,3,99.75,2025-07-02,0.05
3582,340,North,102,1,800.00,2025-07-02,0.00
1659,280,North,138,5,81.00,2025-07-03,0.10
2485,208,North,115,8,72.00,2025-07-03,0.10
2576,261,West,107,1,200.00,2025-07-03,0.20
2786,284,East,112,3,228.00,2025-07-03,0.05
2955,271,West,125,2,532.00,2025-07-03,0.05
1414,388,North,128,8,128.00,2025-07-04,0.20
1755,234,East,126,3,21.60,2025-07-04,0.10
3257,365,East,128,2,36.00,2025-07-04,0.10
3307,362,East,134,1,67.50,2025-07-04,0.10
3422,365,East,126,5,32.00,2025-07-04,0.20
2511,326,South,140,2,190.00,2025-07-05,0.00
2711,252,North,106,1,300.00,2025-07-05,0.00
2893,227,South,113,1,630.00,2025-07-05,0.10
3009,293,South,112,5,360.00,2025-07-05,0.10
3667,364,North,134,4,300.00,2025-07-05,0.00
3847,205,East,103,1,570.00,2025-07-05,0.05
2905,375,North,112,2,152.00,2025-07-07,0.05
3274,307,West,102,2,1440.00,2025-07-07,0.10
3991,256,North,133,3,408.00,2025-07-07,0.15
1818,386,North,127,3,32.40,2025-07-08,0.10
2634,329,East,140,4,380.00,2025-07-08,0.00
3729,201,North,129,1,85.00,2025-07-08,0.00
3877,376,North,127,3,36.00,2025-07-08,0.00
1252,216,East,124,1,450.00,2025-07-09,0.10
2895,309,North,117,4,90.00,2025-07-09,0.10
3021,357,East,138,6,97.20,2025-07-09,0.10
1615,375,North,138,2,36.00,2025-07-10,0.00
1648,312,North,118,2,90.00,2025-07-10,0.00
2018,281,North,119,3,84.00,2025-07-10,0.20
2052,311,West,140,4,361.00,2025-07-10,0.05
2713,352,West,126,4,27.20,2025-07-10,0.15
3343,250,North,109,3,90.00,2025-07-10,0.00
3416,323,West,136,2,80.00,2025-07-10,0.00
3580,210,West,111,2,180.00,2025-07-10,0.00
1626,298,West,111,2,180.00,2025-07-11,0.00
1865,229,North,115,6,54.00,2025-07-11,0.10
2227,395,South,137,3,42.75,2025-07-11,0.05
2775,229,North,116,1,120.00,2025-07-11,0.00
3020,306,South,115,5,45.00,2025-07-11,0.10
3342,316,North,124,3,1425.00,2025-07-11,0.05
3521,234,East,117,1,25.00,2025-07-11,0.00
1789,261,East,109,3,76.50,2025-07-12,0.15
2181,236,West,140,8,684.00,2025-07-12,0.10
2229,386,West,126,2,16.00,2025-07-12,0.00
2698,382,East,121,2,187.00,2025-07-12,0.15
3191,305,South,129,2,161.50,2025-07-12,0.05
1106,345,North,127,10,108.00,2025-07-13,0.10
2368,216,East,133,1,144.00,2025-07-13,0.10
2557,377,North,116,2,216.00,2025-07-13,0.10
3876,289,East,124,1,450.00,2025-07-13,0.10
1081,379,South,138,1,18.00,2025-07-14,0.00
1365,357,South,126,5,36.00,2025-07-14,0.10
1511,243,West,121,1,110.00,2025-07-14,0.00
1973,328,West,111,2,144.00,2025-07-14,0.20
2643,396,West,123,1,55.00,2025-07-14,0.00
1529,281,North,139,1,552.50,2025-07-15,0.15
1650,378,South,128,6,108.00,2025-07-15,0.10
2029,365,West,114,4,190.00,2025-07-15,0.05
2045,378,East,118,3,135.00,2025-07-16,0.00
2297,377,North,126,5,32.00,2025-07-16,0.20
2518,227,West,109,1,25.50,2025-07-16,0.15
2661,230,West,139,1,650.00,2025-07-16,0.00
2928,355,South,118,2,81.00,2025-07-16,0.10
3995,309,West,118,3,135.00,2025-07-16,0.00
1548,365,North,129,1,72.25,2025-07-17,0.15
2093,378,East,111,5,405.00,2025-07-17,0.10
2790,344,North,140,4,380.00,2025-07-18,0.00
1076,338,South,108,1,50.00,2025-07-19,0.00
2403,335,East,125,2,560.00,2025-07-19,0.00
1367,385,South,114,6,270.00,2025-07-20,0.10
3278,323,North,103,1,540.00,2025-07-20,0.10
3635,243,West,117,2,50.00,2025-07-20,0.00
1952,360,North,107,2,450.00,2025-07-21,0.10
2369,332,North,140,3,256.50,2025-07-21,0.10
2792,311,West,118,1,40.50,2025-07-21,0.10
3089,292,South,116,2,228.00,2025-07-21,0.05
3608,222,East,112,3,228.00,2025-07-21,0.05
3943,399,East,121,1,93.50,2025-07-21,0.15
1002,287,South,131,3,513.00,2025-07-22,0.05
1281,205,East,139,2,1300.00,2025-07-22,0.00
1922,361,North,110,2,340.00,2025-07-22,0.15
2071,293,South,127,4,43.20,2025-07-22,0.10
2112,353,East,126,3,22.80,2025-07-22,0.05
2599,351,South,102,2,1520.00,2025-07-22,0.05
3556,380,South,139,1,650.00,2025-07-22,0.00
1074,230,North,120,1,162.00,2025-07-23,0.10
1249,303,East,119,5,157.50,2025-07-23,0.10
2918,317,West,109,3,76.50,2025-07-23,0.15
2934,341,West,127,5,54.00,2025-07-23,0.10
3098,331,West,117,1,25.00,2025-07-23,0.00
3164,331,East,136,1,38.00,2025-07-24,0.05
3703,365,East,138,5,81.00,2025-07-24,0.10
1992,266,West,115,2,17.00,2025-07-25,0.15
2081,331,East,123,1,55.00,2025-07-25,0.00
2699,309,South,129,1,76.50,2025-07-25,0.10
3420,266,North,126,5,36.00,2025-07-25,0.10
1227,287,East,133,1,136.00,2025-07-26,0.15
1862,265,West,116,1,108.00,2025-07-26,0.10
2042,277,West,115,3,27.00,2025-07-26,0.10
2648,316,South,130,3,121.50,2025-07-26,0.10
2812,232,West,107,2,450.00,2025-07-26,0.10
2920,382,West,128,2,40.00,2025-07-26,0.00
3362,386,South,103,2,1140.00,2025-07-26,0.05
3395,393,East,126,2,16.00,2025-07-26,0.00
3595,342,West,105,3,997.50,2025-07-26,0.05
1509,294,North,129,1,85.00,2025-07-27,0.00
1773,369,North,130,3,135.00,2025-07-27,0.00
3101,391,North,138,5,81.00,2025-07-27,0.10
3541,264,East,128,8,144.00,2025-07-27,0.10
2575,328,East,138,10,162.00,2025-07-28,0.10
3206,337,East,108,3,150.00,2025-07-28,0.00
2183,204,East,120,1,180.00,2025-07-29,0.00
2125,343,East,137,2,27.00,2025-07-30,0.10
3413,325,East,127,4,48.00,2025-07-30,0.00
1037,348,North,126,6,43.20,2025-07-31,0.10
2927,226,North,125,1,252.00,2025-07-31,0.10
3676,316,West,119,2,70.00,2025-07-31,0.00
3690,332,West,132,2,500.00,2025-07-31,0.00
1241,274,West,118,5,202.50,2025-08-01,0.10
2592,345,East,137,1,12.00,2025-08-01,0.20
2680,381,South,116,1,120.00,2025-08-01,0.00
1187,398,East,125,1,266.00,2025-08-02,0.05
1508,258,South,135,2,396.00,2025-08-02,0.10
1840,288,South,106,2,600.00,2025-08-02,0.00
1905,350,West,122,1,95.00,2025-08-02,0.00
3028,298,East,120,2,288.00,2025-08-02,0.20
3999,358,West,109,1,28.50,2025-08-02,0.05
2040,265,East,116,1,108.00,2025-08-03,0.10
3005,201,West,124,1,500.00,2025-08-03,0.00
3329,201,North,109,3,90.00,2025-08-03,0.00
1830,364,West,119,5,157.50,2025-08-04,0.10
2473,224,North,103,1,570.00,2025-08-04,0.05
3471,239,East,130,1,36.00,2025-08-04,0.20
3504,365,South,133,1,144.00,2025-08-04,0.10
3956,264,South,127,1,12.00,2025-08-04,0.00
1481,210,East,117,3,71.25,2025-08-05,0.05
1663,322,North,128,2,38.00,2025-08-05,0.05
2102,382,East,103,1,540.00,2025-08-05,0.10
3205,251,North,126,2,14.40,2025-08-06,0.10
3424,285,South,124,2,950.00,2025-08-06,0.05
1601,383,North,139,1,617.50,2025-08-07,0.05
1883,344,East,129,1,85.00,2025-08-07,0.00
2082,339,South,126,5,32.00,2025-08-07,0.20
2595,259,North,103,2,1140.00,2025-08-07,0.05
3240,324,East,138,8,129.60,2025-08-08,0.10
1150,387,South,126,2,16.00,2025-08-09,0.00
1610,398,South,113,2,1190.00,2025-08-09,0.15
3146,324,North,121,2,187.00,2025-08-09,0.15
3567,378,West,126,2,15.20,2025-08-09,0.05
3950,370,East,136,1,34.00,2025-08-09,0.15
1006,356,West,139,1,650.00,2025-08-10,0.00
1831,266,North,109,2,60.00,2025-08-10,0.00
2377,205,West,123,3,165.00,2025-08-10,0.00
2397,201,West,136,1,40.00,2025-08-10,0.00
3075,387,South,114,5,225.00,2025-08-10,0.10
3449,380,North,138,1,14.40,2025-08-10,0.20
1169,313,North,104,1,150.00,2025-08-11,0.00
1736,224,North,130,5,202.50,2025-08-11,0.10
2188,309,South,128,4,76.00,2025-08-11,0.05
3042,217,West,109,4,114.00,2025-08-11,0.05
3396,319,West,139,2,1235.00,2025-08-11,0.05
3924,389,North,136,1,34.00,2025-08-11,0.15
2678,347,East,136,1,32.00,2025-08-12,0.20
2843,322,West,127,2,19.20,2025-08-12,0.20
3361,287,West,103,2,1080.00,2025-08-12,0.10
2116,237,West,117,2,47.50,2025-08-13,0.05
2901,288,South,131,1,180.00,2025-08-13,0.00
3866,322,West,128,2,40.00,2025-08-13,0.00
3932,378,East,128,4,80.00,2025-08-13,0.00
1294,312,South,114,3,120.00,2025-08-14,0.20
1815,315,North,117,1,25.00,2025-08-14,0.00
2465,390,West,118,2,90.00,2025-08-14,0.00
2550,361,North,119,6,189.00,2025-08-14,0.10
2675,269,West,122,1,85.50,2025-08-14,0.10
1356,392,East,118,4,180.00,2025-08-15,0.00
2685,209,North,114,4,200.00,2025-08-15,0.00
2950,349,West,108,2,95.00,2025-08-15,0.05
1429,221,North,120,1,153.00,2025-08-16,0.15
1464,383,East,112,4,288.00,2025-08-16,0.10
1597,242,East,107,2,475.00,2025-08-16,0.05
1654,327,South,112,2,160.00,2025-08-16,0.00
2428,334,South,138,3,54.00,2025-08-16,0.00
2525,378,North,114,3,150.00,2025-08-16,0.00
1154,218,East,138,3,54.00,2025-08-17,0.00
1549,292,North,138,2,36.00,2025-08-17,0.00
2105,337,North,110,1,180.00,2025-08-17,0.10
2622,217,South,119,2,66.50,2025-08-17,0.05
2815,288,South,115,5,45.00,2025-08-17,0.10
3392,317,West,122,2,180.50,2025-08-17,0.05
2322,289,East,133,2,272.00,2025-08-18,0.15
2736,361,West,139,1,650.00,2025-08-18,0.00
3060,308,West,138,3,45.90,2025-08-18,0.15
1878,236,South,136,2,76.00,2025-08-19,0.05
3154,343,North,114,2,100.00,2025-08-19,0.00
3653,311,North,121,1,110.00,2025-08-19,0.00
3788,394,East,136,2,80.00,2025-08-19,0.00
1032,376,South,112,3,216.00,2025-08-20,0.10
1159,318,North,104,3,450.00,2025-08-20,0.00
1403,369,East,113,2,1260.00,2025-08-20,0.10
2170,254,West,130,3,135.00,2025-08-20,0.00
2373,272,South,138,4,72.00,2025-08-20,0.00
2467,307,North,104,3,427.50,2025-08-20,0.05
1133,222,South,115,6,54.00,2025-08-21,0.10
1177,331,West,112,1,76.00,2025-08-21,0.05
1506,343,West,123,5,247.50,2025-08-21,0.10
1786,228,East,115,4,40.00,2025-08-21,0.00
2230,365,North,132,1,225.00,2025-08-21,0.10
2386,237,East,138,1,16.20,2025-08-21,0.10
2452,238,South,121,2,220.00,2025-08-21,0.00
3117,312,East,124,2,900.00,2025-08-21,0.10
3484,303,East,127,3,32.40,2025-08-21,0.10
3617,328,East,128,4,76.00,2025-08-21,0.05
3946,256,West,114,1,47.50,2025-08-21,0.05
1932,311,North,104,2,300.00,2025-08-22,0.00
2268,356,West,121,1,88.00,2025-08-22,0.20
2464,321,South,138,3,45.90,2025-08-22,0.15
2933,379,South,140,2,171.00,2025-08-22,0.10
3130,393,North,110,2,400.00,2025-08-22,0.00
3738,293,West,112,1,76.00,2025-08-22,0.05
3880,337,South,105,1,297.50,2025-08-22,0.15
1337,307,North,117,3,75.00,2025-08-23,0.00
2466,369,West,114,3,150.00,2025-08-23,0.00
3351,315,East,119,2,70.00,2025-08-23,0.00
1860,254,North,114,5,200.00,2025-08-24,0.20
1970,336,North,120,2,360.00,2025-08-24,0.00
1015,284,North,110,1,170.00,2025-08-25,0.15
1163,328,South,128,2,40.00,2025-08-25,0.00
1287,298,East,106,2,600.00,2025-08-25,0.00
1551,257,South,108,2,80.00,2025-08-25,0.20
2028,388,West,140,1,80.75,2025-08-25,0.15
1088,238,East,140,1,80.75,2025-08-26,0.15
1989,356,West,104,1,127.50,2025-08-26,0.15
2862,343,East,132,3,750.00,2025-08-26,0.00
3534,244,West,138,4,68.40,2025-08-26,0.05
3879,363,East,133,1,144.00,2025-08-26,0.10
2542,242,South,115,1,10.00,2025-08-27,0.00
3687,365,West,128,5,90.00,2025-08-27,0.10
3514,202,North,136,2,80.00,2025-08-28,0.00
3273,311,North,104,2,255.00,2025-08-29,0.15
3954,247,East,109,3,81.00,2025-08-29,0.10
1075,373,West,140,3,256.50,2025-08-30,0.10
1178,293,South,123,2,104.50,2025-08-30,0.05
1211,398,East,136,1,38.00,2025-08-30,0.05
1602,203,East,111,2,180.00,2025-08-30,0.00
2291,283,East,130,4,162.00,2025-08-31,0.10
2962,347,East,129,2,161.50,2025-08-31,0.05
3214,243,East,121,1,104.50,2025-08-31,0.05
3363,222,East,128,3,51.00,2025-08-31,0.15
3934,350,North,138,1,16.20,2025-08-31,0.10
1103,230,East,131,3,432.00,2025-09-01,0.20
1273,329,East,134,4,285.00,2025-09-01,0.05
1568,203,West,128,4,80.00,2025-09-01,0.00
1984,224,North,112,2,152.00,2025-09-01,0.05
2032,277,South,121,1,99.00,2025-09-01,0.10
3068,336,West,114,6,270.00,2025-09-01,0.10
3253,368,South,129,1,68.00,2025-09-01,0.20
3391,382,West,108,4,200.00,2025-09-01,0.00
2267,363,North,117,2,47.50,2025-09-02,0.05
2379,284,East,114,5,225.00,2025-09-02,0.10
2555,233,North,118,4,171.00,2025-09-02,0.05
3421,361,East,118,4,162.00,2025-09-02,0.10
3597,266,East,126,2,13.60,2025-09-02,0.15
1126,390,South,137,3,45.00,2025-09-03,0.00
1394,233,West,107,1,200.00,2025-09-03,0.20
1960,212,South,108,3,135.00,2025-09-03,0.10
2676,267,South,128,3,57.00,2025-09-03,0.05
3327,228,South,113,2,1260.00,2025-09-03,0.10
3739,252,East,104,2,270.00,2025-09-03,0.10
3997,201,North,115,2,17.00,2025-09-03,0.15
1127,239,South,138,6,86.40,2025-09-04,0.20
1850,217,South,133,4,576.00,2025-09-04,0.10
2396,328,West,128,5,90.00,2025-09-04,0.10
2303,301,East,124,1,475.00,2025-09-05,0.05
2771,382,North,126,5,36.00,2025-09-05,0.10
1157,235,East,104,1,135.00,2025-09-06,0.10
1490,276,North,114,6,255.00,2025-09-06,0.15
1526,253,North,131,1,153.00,2025-09-06,0.15
1625,234,East,140,5,427.50,2025-09-06,0.10
1996,217,East,116,2,228.00,2025-09-06,0.05
2603,340,East,111,4,306.00,2025-09-06,0.15
2666,251,North,114,5,225.00,2025-09-06,0.10
1516,246,North,128,1,18.00,2025-09-07,0.10
1645,240,North,115,6,54.00,2025-09-07,0.10
2086,290,East,115,4,40.00,2025-09-07,0.00
2256,329,South,138,2,36.00,2025-09-07,0.00
2265,336,East,114,3,142.50,2025-09-07,0.05
2942,299,West,107,3,750.00,2025-09-07,0.00
3549,261,East,138,6,97.20,2025-09-07,0.10
1330,209,South,119,3,84.00,2025-09-08,0.20
1792,366,North,128,6,102.00,2025-09-08,0.15
1928,290,South,115,8,72.00,2025-09-08,0.10
2047,233,North,108,3,142.50,2025-09-08,0.05
2855,396,East,128,5,90.00,2025-09-09,0.10
3102,377,West,128,3,60.00,2025-09-09,0.00
2677,325,South,130,2,90.00,2025-09-10,0.00
2759,303,West,132,2,475.00,2025-09-10,0.05
2210,383,North,138,6,97.20,2025-09-11,0.10
2562,277,West,118,4,171.00,2025-09-11,0.05
2709,204,South,138,6,97.20,2025-09-11,0.10
3221,311,South,106,2,600.00,2025-09-11,0.00
3397,203,North,102,3,2280.00,2025-09-11,0.05
3460,364,East,107,2,500.00,2025-09-11,0.00
1164,309,East,106,2,600.00,2025-09-12,0.00
1395,213,East,109,2,60.00,2025-09-12,0.00
1550,396,South,138,1,18.00,2025-09-12,0.00
1687,255,North,135,2,440.00,2025-09-12,0.00
1790,353,East,120,1,144.00,2025-09-12,0.20
3418,316,North,128,3,48.00,2025-09-12,0.20
3816,264,West,135,1,220.00,2025-09-12,0.00
2201,383,South,133,3,480.00,2025-09-13,0.00
2839,314,East,116,1,120.00,2025-09-13,0.00
3125,253,South,134,4,240.00,2025-09-13,0.20
3553,389,North,122,4,361.00,2025-09-13,0.05
3748,313,West,114,3,127.50,2025-09-13,0.15
1746,272,East,126,1,8.00,2025-09-14,0.00
3078,281,East,126,4,25.60,2025-09-14,0.20
3951,365,East,127,3,34.20,2025-09-14,0.05
3959,219,North,119,2,70.00,2025-09-14,0.00
2925,371,West,114,3,142.50,2025-09-15,0.05
2943,222,North,115,2,20.00,2025-09-15,0.00
3172,249,South,116,2,240.00,2025-09-15,0.00
3685,293,South,114,2,95.00,2025-09-15,0.05
1734,313,South,118,2,85.50,2025-09-16,0.05
2127,232,West,116,1,120.00,2025-09-16,0.00
2639,315,North,132,4,850.00,2025-09-16,0.15
3981,246,North,135,2,440.00,2025-09-17,0.00
1086,233,North,132,2,475.00,2025-09-18,0.05
1329,256,North,140,5,427.50,2025-09-18,0.10
1046,230,North,120,2,324.00,2025-09-19,0.10
1301,382,West,111,1,76.50,2025-09-19,0.15
1676,254,West,127,3,34.20,2025-09-19,0.05
2741,334,East,119,1,29.75,2025-09-19,0.15
3458,261,East,119,3,99.75,2025-09-19,0.05
2453,385,South,101,1,1140.00,2025-09-20,0.05
3630,348,North,105,1,350.00,2025-09-20,0.00
2777,359,West,113,2,1330.00,2025-09-21,0.05
3270,356,West,125,1,280.00,2025-09-21,0.00
3320,319,West,109,3,85.50,2025-09-21,0.05
3440,300,North,105,2,665.00,2025-09-21,0.05
3506,322,East,124,2,1000.00,2025-09-21,0.00
3723,220,East,107,2,500.00,2025-09-21,0.00
1488,204,West,128,5,90.00,2025-09-22,0.10
2264,317,South,136,4,152.00,2025-09-22,0.05
2512,276,South,129,1,76.50,2025-09-22,0.10
2739,236,South,124,1,500.00,2025-09-22,0.00
3352,255,West,138,2,36.00,2025-09-22,0.00
3727,375,East,115,2,18.00,2025-09-22,0.10
1431,268,South,119,4,140.00,2025-09-23,0.00
1851,376,North,125,2,504.00,2025-09-23,0.10
3398,400,East,118,2,90.00,2025-09-23,0.00
3691,281,East,121,1,93.50,2025-09-23,0.15
1284,289,South,105,1,315.00,2025-09-24,0.10
1497,357,East,103,3,1800.00,2025-09-24,0.00
1501,370,South,128,4,64.00,2025-09-24,0.20
3403,260,East,118,3,121.50,2025-09-24,0.10
3784,211,West,127,1,12.00,2025-09-24,0.00
1147,258,West,103,1,540.00,2025-09-25,0.10
1325,305,South,128,3,57.00,2025-09-25,0.05
1764,291,North,105,1,350.00,2025-09-26,0.00
2150,353,East,129,4,340.00,2025-09-26,0.00
3468,297,North,123,1,52.25,2025-09-26,0.05
3578,245,South,138,1,16.20,2025-09-26,0.10
3606,244,South,107,2,450.00,2025-09-26,0.10
2347,303,West,121,1,110.00,2025-09-27,0.00
3331,351,South,111,3,256.50,2025-09-27,0.05
3615,371,West,107,1,250.00,2025-09-27,0.00
1655,379,South,133,3,480.00,2025-09-28,0.00
2769,296,West,132,4,1000.00,2025-09-28,0.00
3841,296,South,125,1,238.00,2025-09-28,0.15
1683,281,West,123,2,104.50,2025-09-29,0.05
2185,319,North,116,1,96.00,2025-09-29,0.20
3502,255,East,134,2,150.00,2025-09-29,0.00
3637,208,South,132,1,225.00,2025-09-29,0.10
1102,255,East,109,2,57.00,2025-09-30,0.05
1257,285,West,127,1,10.80,2025-09-30,0.10
1410,381,West,137,4,48.00,2025-09-30,0.20
1533,343,North,114,1,47.50,2025-09-30,0.05
2115,278,South,125,2,504.00,2025-09-30,0.10
2365,265,West,137,2,30.00,2025-09-30,0.00
3569,279,North,131,1,180.00,2025-09-30,0.00
2405,229,South,105,3,945.00,2025-10-01,0.10
2878,280,South,135,1,176.00,2025-10-01,0.20
1627,308,West,121,2,198.00,2025-10-02,0.10
2931,306,West,133,1,144.00,2025-10-02,0.10
3190,279,West,119,3,105.00,2025-10-02,0.00
2819,299,North,114,4,190.00,2025-10-03,0.05
3474,241,West,108,4,160.00,2025-10-03,0.20
1556,230,West,110,3,480.00,2025-10-04,0.20
3250,273,East,108,1,45.00,2025-10-04,0.10
3389,275,North,128,2,34.00,2025-10-04,0.15
1434,322,South,115,1,9.50,2025-10-05,0.05
1453,273,North,103,2,1200.00,2025-10-05,0.00
2168,212,East,131,1,180.00,2025-10-05,0.00
2239,324,South,103,2,1020.00,2025-10-05,0.15
2788,289,North,134,2,142.50,2025-10-05,0.05
3199,267,North,121,2,209.00,2025-10-05,0.05
1052,379,South,112,2,160.00,2025-10-06,0.00
1083,256,West,119,1,31.50,2025-10-06,0.10
2134,217,West,108,4,180.00,2025-10-06,0.10
3980,337,North,135,1,198.00,2025-10-06,0.10
1461,396,North,113,2,1400.00,2025-10-07,0.00
2278,368,East,127,6,64.80,2025-10-07,0.10
2435,294,South,136,4,160.00,2025-10-07,0.00
3656,356,North,103,1,540.00,2025-10-07,0.10
3881,202,South,121,3,297.00,2025-10-07,0.10
1057,221,West,135,1,220.00,2025-10-09,0.00
1585,234,North,107,2,500.00,2025-10-09,0.00
2062,292,North,128,3,54.00,2025-10-09,0.10
3301,395,East,123,4,209.00,2025-10-09,0.05
3467,304,West,122,1,85.50,2025-10-09,0.10
2242,240,North,137,3,45.00,2025-10-10,0.00
1296,286,South,135,1,209.00,2025-10-11,0.05
1719,349,West,123,2,99.00,2025-10-11,0.10
2302,226,West,115,4,40.00,2025-10-11,0.00
2808,305,West,136,1,40.00,2025-10-11,0.00
2958,339,East,140,10,855.00,2025-10-11,0.10
3544,294,West,118,2,90.00,2025-10-11,0.00
3682,279,West,102,2,1440.00,2025-10-11,0.10
3992,380,North,136,2,68.00,2025-10-11,0.15
2674,399,West,136,3,108.00,2025-10-12,0.10
1050,351,East,125,1,266.00,2025-10-13,0.05
1067,369,North,118,3,108.00,2025-10-13,0.20
1335,271,North,136,1,36.00,2025-10-13,0.10
2030,266,West,110,1,170.00,2025-10-13,0.15
2613,288,East,130,3,114.75,2025-10-13,0.15
2922,311,East,118,1,40.50,2025-10-13,0.10
1441,345,West,132,3,637.50,2025-10-14,0.15
1729,246,West,138,3,54.00,2025-10-14,0.00
2431,237,South,131,2,306.00,2025-10-14,0.15
3334,345,North,137,1,15.00,2025-10-14,0.00
1409,384,West,110,1,200.00,2025-10-15,0.00
2022,238,North,108,1,50.00,2025-10-15,0.00
2772,213,North,120,1,180.00,2025-10-15,0.00
3817,242,North,109,5,135.00,2025-10-15,0.10
1166,314,North,116,1,96.00,2025-10-16,0.20
3022,222,West,103,1,600.00,2025-10-16,0.00
3585,286,North,106,1,285.00,2025-10-16,0.05
1062,247,North,109,3,90.00,2025-10-17,0.00
1741,397,South,109,4,114.00,2025-10-17,0.05
1770,280,North,132,3,600.00,2025-10-17,0.20
2587,300,North,129,5,382.50,2025-10-17,0.10
2886,208,North,136,4,160.00,2025-10-17,0.00
3550,229,South,119,8,238.00,2025-10-17,0.15
1223,327,West,110,1,200.00,2025-10-18,0.00
2169,264,West,105,3,840.00,2025-10-18,0.20
3383,393,South,117,1,22.50,2025-10-18,0.10
3589,286,East,111,1,90.00,2025-10-18,0.00
3938,247,South,119,8,252.00,2025-10-18,0.10
1344,234,South,136,4,160.00,2025-10-19,0.00
1890,229,East,129,2,161.50,2025-10-19,0.05
3353,398,West,123,1,49.50,2025-10-19,0.10
3409,205,West,138,1,15.30,2025-10-19,0.15
2270,250,West,129,3,229.50,2025-10-20,0.10
2721,387,East,119,8,252.00,2025-10-20,0.10
2879,222,West,127,1,9.60,2025-10-20,0.20
2017,293,South,138,4,64.80,2025-10-21,0.10
2537,297,West,127,5,51.00,2025-10-21,0.15
2554,233,West,127,1,10.20,2025-10-21,0.15
3463,260,East,136,4,160.00,2025-10-21,0.00
3561,204,South,128,6,108.00,2025-10-21,0.10
1544,227,West,111,3,256.50,2025-10-22,0.05
2121,236,West,130,1,42.75,2025-10-22,0.05
2544,201,North,104,2,285.00,2025-10-22,0.05
2965,393,South,107,1,237.50,2025-10-22,0.05
1722,238,West,130,2,90.00,2025-10-23,0.00
1854,357,North,117,1,25.00,2025-10-23,0.00
1993,242,East,137,3,42.75,2025-10-23,0.05
2702,312,West,140,2,190.00,2025-10-23,0.00
3058,211,South,128,2,36.00,2025-10-23,0.10
3345,386,East,111,2,162.00,2025-10-23,0.10
3380,305,North,115,5,45.00,2025-10-23,0.10
2200,211,South,130,2,81.00,2025-10-24,0.10
3096,202,North,116,2,204.00,2025-10-24,0.15
1108,399,East,138,2,32.40,2025-10-25,0.10
1537,338,South,118,3,135.00,2025-10-25,0.00
1681,373,East,119,2,70.00,2025-10-25,0.00
1744,328,North,123,1,52.25,2025-10-25,0.05
2489,253,East,138,3,48.60,2025-10-25,0.10
2653,237,West,104,2,285.00,2025-10-25,0.05
3394,365,North,115,6,54.00,2025-10-25,0.10
3612,395,West,108,2,90.00,2025-10-25,0.10
1801,219,North,127,4,38.40,2025-10-26,0.20
2002,301,West,136,1,32.00,2025-10-26,0.20
2164,374,East,108,2,100.00,2025-10-26,0.00
2426,361,West,107,2,450.00,2025-10-26,0.10
3079,231,North,115,4,38.00,2025-10-26,0.05
1417,289,North,140,1,85.50,2025-10-27,0.10
2203,301,North,129,1,72.25,2025-10-27,0.15
2382,366,South,114,6,270.00,2025-10-27,0.10
2752,242,West,122,5,380.00,2025-10-27,0.20
2904,330,West,110,2,400.00,2025-10-27,0.00
3961,291,South,110,2,380.00,2025-10-27,0.05
1279,259,West,111,2,180.00,2025-10-28,0.00
2590,287,North,118,1,45.00,2025-10-28,0.00
1247,308,West,126,2,16.00,2025-10-29,0.00
1469,349,North,138,3,45.90,2025-10-29,0.15
2947,333,East,125,4,1008.00,2025-10-29,0.10
1686,353,North,102,1,640.00,2025-10-30,0.20
2101,287,West,123,3,148.50,2025-10-30,0.10
3337,231,East,140,8,684.00,2025-10-30,0.10
3590,313,West,138,3,54.00,2025-10-30,0.00
3819,301,West,119,3,94.50,2025-10-30,0.10
3903,223,North,118,2,72.00,2025-10-30,0.20
2984,255,West,107,2,500.00,2025-10-31,0.00
2126,367,East,127,6,64.80,2025-11-01,0.10
3611,219,West,140,2,190.00,2025-11-01,0.00
3761,222,West,128,5,90.00,2025-11-01,0.10
3865,314,East,112,3,240.00,2025-11-01,0.00
1162,312,West,137,2,24.00,2025-11-02,0.20
1214,232,East,125,1,280.00,2025-11-02,0.00
1240,217,North,123,5,247.50,2025-11-02,0.10
1370,295,West,109,3,90.00,2025-11-02,0.00
1614,246,South,120,1,144.00,2025-11-02,0.20
1656,219,North,123,1,55.00,2025-11-02,0.00
2173,350,North,127,3,36.00,2025-11-02,0.00
2501,234,South,135,3,660.00,2025-11-02,0.00
2727,227,North,104,1,135.00,2025-11-02,0.10
1352,376,North,119,1,35.00,2025-11-03,0.00
1910,387,South,140,1,90.25,2025-11-03,0.05
2214,334,West,127,3,34.20,2025-11-03,0.05
3114,306,North,110,2,320.00,2025-11-03,0.20
3535,261,North,123,2,110.00,2025-11-03,0.00
3609,400,West,126,1,7.60,2025-11-03,0.05
3708,377,South,104,1,150.00,2025-11-03,0.00
1423,242,East,130,1,42.75,2025-11-04,0.05
1885,391,South,131,2,342.00,2025-11-04,0.05
3109,368,West,103,1,600.00,2025-11-04,0.00
1087,260,North,115,1,8.50,2025-11-05,0.15
1887,382,West,123,2,110.00,2025-11-05,0.00
2111,283,West,114,1,50.00,2025-11-05,0.00
2584,322,South,121,3,297.00,2025-11-05,0.10
2730,205,East,116,3,360.00,2025-11-05,0.00
3290,300,South,115,1,10.00,2025-11-05,0.00
1586,239,North,126,4,27.20,2025-11-06,0.15
1934,232,North,137,1,15.00,2025-11-06,0.00
2392,299,West,128,3,48.00,2025-11-06,0.20
2447,248,North,134,2,135.00,2025-11-06,0.10
3144,231,East,129,2,170.00,2025-11-06,0.00
3745,280,North,134,3,225.00,2025-11-06,0.00
1060,226,East,119,1,31.50,2025-11-07,0.10
1735,357,East,137,2,27.00,2025-11-07,0.10
2547,364,South,117,4,85.00,2025-11-07,0.15
3034,250,West,122,1,95.00,2025-11-07,0.00
3215,295,North,135,1,220.00,2025-11-07,0.00
3652,297,South,128,6,108.00,2025-11-07,0.10
3812,313,South,119,1,33.25,2025-11-07,0.05
2269,322,West,140,5,427.50,2025-11-08,0.10
2986,377,South,108,3,127.50,2025-11-08,0.15
3016,228,South,123,5,233.75,2025-11-08,0.15
3238,257,South,136,4,144.00,2025-11-08,0.10
1574,220,South,122,2,190.00,2025-11-09,0.00
1738,224,East,113,2,1260.00,2025-11-09,0.10
1974,337,West,134,5,337.50,2025-11-09,0.10
2003,343,East,127,10,108.00,2025-11-09,0.10
2612,394,West,137,4,57.00,2025-11-09,0.05
2690,305,East,124,1,500.00,2025-11-09,0.00
3163,356,North,135,2,352.00,2025-11-09,0.20
3263,332,West,126,5,36.00,2025-11-09,0.10
1033,230,East,123,4,220.00,2025-11-10,0.00
1396,375,South,119,2,66.50,2025-11-10,0.05
1720,335,South,137,3,40.50,2025-11-10,0.10
2383,237,South,106,4,1200.00,2025-11-10,0.00
2526,388,North,101,1,1080.00,2025-11-10,0.10
2939,205,East,108,3,142.50,2025-11-10,0.05
3773,292,West,116,2,240.00,2025-11-10,0.00
1071,349,North,117,2,50.00,2025-11-11,0.00
2202,359,South,130,1,42.75,2025-11-11,0.05
2277,354,South,105,2,630.00,2025-11-11,0.10
2366,294,West,119,1,35.00,2025-11-11,0.00
2504,317,East,121,3,264.00,2025-11-11,0.20
2723,202,South,126,8,57.60,2025-11-11,0.10
3795,335,East,132,2,450.00,2025-11-11,0.10
1466,267,East,130,5,191.25,2025-11-12,0.15
2193,326,North,103,1,600.00,2025-11-12,0.00
2591,388,West,115,1,9.50,2025-11-12,0.05
3091,254,North,119,2,70.00,2025-11-12,0.00
3148,383,East,119,1,35.00,2025-11-12,0.00
3603,352,East,126,10,72.00,2025-11-12,0.10
1768,296,West,132,1,250.00,2025-11-13,0.00
2245,396,South,119,5,157.50,2025-11-13,0.10
2936,259,South,115,1,10.00,2025-11-13,0.00
3055,223,West,115,5,45.00,2025-11-13,0.10
3289,391,East,112,2,144.00,2025-11-13,0.10
3365,281,North,117,3,67.50,2025-11-13,0.10
3508,236,East,138,5,81.00,2025-11-13,0.10
3785,364,East,131,2,360.00,2025-11-13,0.00
1619,271,West,121,1,110.00,2025-11-14,0.00
1641,208,South,104,3,427.50,2025-11-14,0.05
2638,221,East,116,2,228.00,2025-11-14,0.05
3097,302,East,111,3,270.00,2025-11-14,0.00
3706,205,West,119,1,31.50,2025-11-14,0.10
3709,219,East,102,1,800.00,2025-11-14,0.00
3752,362,South,139,1,650.00,2025-11-14,0.00
3955,395,West,123,3,165.00,2025-11-14,0.00
1408,206,North,122,1,95.00,2025-11-15,0.00
3726,268,South,129,1,80.75,2025-11-15,0.05
2145,378,North,105,1,350.00,2025-11-16,0.00
2414,317,West,123,2,99.00,2025-11-16,0.10
3152,371,South,116,3,306.00,2025-11-16,0.15
3859,347,North,128,5,90.00,2025-11-16,0.10
1034,279,West,126,3,22.80,2025-11-17,0.05
1362,272,North,106,4,1200.00,2025-11-17,0.00
2871,309,North,140,5,427.50,2025-11-17,0.10
2972,250,West,126,8,54.40,2025-11-17,0.15
3825,256,East,132,2,400.00,2025-11-17,0.20
1098,266,North,117,1,21.25,2025-11-18,0.15
2804,262,West,110,1,200.00,2025-11-18,0.00
3900,273,South,124,1,450.00,2025-11-18,0.10
3967,333,East,121,1,104.50,2025-11-18,0.05
1231,279,East,109,4,108.00,2025-11-19,0.10
1703,314,South,127,2,21.60,2025-11-19,0.10
2252,279,West,130,4,180.00,2025-11-19,0.00
2290,336,South,130,3,128.25,2025-11-19,0.05
2434,266,South,131,3,432.00,2025-11-19,0.20
2578,296,West,126,2,14.40,2025-11-19,0.10
2798,274,South,134,1,75.00,2025-11-19,0.00
3328,343,East,135,3,627.00,2025-11-19,0.05
3805,272,West,127,6,64.80,2025-11-19,0.10
3912,393,West,114,5,225.00,2025-11-19,0.10
1384,261,West,114,3,127.50,2025-11-20,0.15
1846,338,East,109,1,30.00,2025-11-20,0.00
2319,257,North,117,1,22.50,2025-11-20,0.10
3122,355,North,113,1,665.00,2025-11-20,0.05
3183,338,West,114,5,225.00,2025-11-20,0.10
3276,274,West,132,1,225.00,2025-11-20,0.10
3532,314,West,132,2,400.00,2025-11-20,0.20
1528,379,East,114,3,120.00,2025-11-21,0.20
2065,355,East,128,3,57.00,2025-11-21,0.05
2483,202,West,109,1,30.00,2025-11-21,0.00
2521,226,South,104,1,150.00,2025-11-21,0.00
2811,397,South,104,2,285.00,2025-11-21,0.05
3646,323,South,140,8,684.00,2025-11-22,0.10
1313,366,West,107,2,475.00,2025-11-23,0.05
2406,237,East,134,2,150.00,2025-11-23,0.00
2787,353,South,115,1,10.00,2025-11-23,0.00
2908,363,North,136,3,114.00,2025-11-23,0.05
3377,341,East,138,4,72.00,2025-11-23,0.00
3643,379,South,126,3,24.00,2025-11-23,0.00
1881,221,South,127,4,40.80,2025-11-24,0.15
1891,276,East,118,2,85.50,2025-11-24,0.05
2614,228,West,123,2,88.00,2025-11-24,0.20
3177,263,West,118,2,90.00,2025-11-24,0.00
3559,391,West,138,2,34.20,2025-11-24,0.05
1222,245,West,118,1,38.25,2025-11-25,0.15
2432,328,South,107,1,250.00,2025-11-25,0.00
2710,279,West,117,2,45.00,2025-11-25,0.10
3126,334,North,107,2,500.00,2025-11-25,0.00
3291,347,West,116,2,240.00,2025-11-25,0.00
3918,398,East,136,1,40.00,2025-11-25,0.00
1985,300,West,133,1,160.00,2025-11-26,0.00
2174,309,East,136,2,76.00,2025-11-26,0.05
2338,365,West,122,4,323.00,2025-11-26,0.15
2551,335,South,119,5,157.50,2025-11-26,0.10
1260,278,North,138,10,162.00,2025-11-27,0.10
3161,393,East,118,4,180.00,2025-11-27,0.00
3470,399,West,116,2,240.00,2025-11-27,0.00
1082,226,East,134,1,67.50,2025-11-28,0.10
1884,339,East,108,3,120.00,2025-11-28,0.20
2234,250,West,104,1,150.00,2025-11-28,0.00
1212,264,South,114,10,450.00,2025-11-29,0.10
1253,343,West,121,2,198.00,2025-11-29,0.10
1637,233,East,130,3,135.00,2025-11-29,0.00
1888,373,West,138,1,15.30,2025-11-29,0.15
2683,204,North,104,1,150.00,2025-11-29,0.00
2731,385,East,138,3,45.90,2025-11-29,0.15
2929,318,East,125,3,798.00,2025-11-29,0.05
3406,276,East,108,1,50.00,2025-11-29,0.00
3490,301,North,134,2,127.50,2025-11-29,0.15
1495,234,North,128,2,40.00,2025-11-30,0.00
2363,381,North,119,4,140.00,2025-11-30,0.00
3039,309,South,118,3,128.25,2025-11-30,0.05
3204,390,East,110,3,600.00,2025-11-30,0.00
3710,224,West,129,5,382.50,2025-11-30,0.10
2248,366,East,109,1,30.00,2025-12-01,0.00
2515,336,South,122,3,256.50,2025-12-01,0.10
2817,345,South,117,1,23.75,2025-12-01,0.05
2915,303,West,108,1,47.50,2025-12-01,0.05
3573,233,East,136,1,40.00,2025-12-01,0.00
3696,208,West,118,2,72.00,2025-12-01,0.20
3720,221,North,123,4,209.00,2025-12-01,0.05
1079,367,North,118,2,85.50,2025-12-02,0.05
1145,332,South,109,1,28.50,2025-12-02,0.05
1269,335,West,104,2,270.00,2025-12-02,0.10
1880,276,South,119,4,126.00,2025-12-02,0.10
2718,355,West,135,3,594.00,2025-12-02,0.10
2801,221,West,126,2,16.00,2025-12-02,0.00
3104,247,North,136,2,80.00,2025-12-02,0.00
3962,245,West,110,2,400.00,2025-12-02,0.00
1116,206,North,139,1,585.00,2025-12-03,0.10
1183,283,North,138,4,68.40,2025-12-03,0.05
1479,326,North,117,4,100.00,2025-12-03,0.00
1542,367,East,111,1,72.00,2025-12-03,0.20
1608,344,South,106,2,480.00,2025-12-03,0.20
1642,270,North,123,2,104.50,2025-12-03,0.05
1721,241,East,115,1,10.00,2025-12-03,0.00
3032,363,West,115,1,9.50,2025-12-03,0.05
3505,246,East,119,1,33.25,2025-12-03,0.05
3670,363,West,109,1,30.00,2025-12-03,0.00
1338,378,South,138,2,36.00,2025-12-04,0.00
1475,210,West,123,4,198.00,2025-12-04,0.10
1740,387,East,133,1,160.00,2025-12-04,0.00
1983,231,West,122,5,427.50,2025-12-04,0.10
3349,383,East,123,5,233.75,2025-12-04,0.15
3354,214,East,112,1,76.00,2025-12-04,0.05
3730,381,South,137,2,30.00,2025-12-04,0.00
1003,205,North,130,1,45.00,2025-12-05,0.00
1390,267,North,134,4,285.00,2025-12-05,0.05
2332,289,West,113,2,1190.00,2025-12-05,0.15
2691,205,West,140,5,427.50,2025-12-05,0.10
2802,346,East,127,1,11.40,2025-12-05,0.05
3110,253,East,108,4,170.00,2025-12-05,0.15
3272,202,North,123,2,110.00,2025-12-05,0.00
3495,382,South,118,2,90.00,2025-12-05,0.00
1168,332,East,133,1,152.00,2025-12-06,0.05
1838,218,North,123,4,209.00,2025-12-06,0.05
2159,255,West,112,2,144.00,2025-12-06,0.10
2189,209,North,138,2,34.20,2025-12-06,0.05
2280,347,West,117,3,71.25,2025-12-06,0.05
3374,205,West,132,3,712.50,2025-12-06,0.05
3977,360,East,130,1,45.00,2025-12-06,0.00
1612,380,South,112,2,160.00,2025-12-07,0.00
1981,355,North,115,8,72.00,2025-12-07,0.10
2993,284,West,109,3,81.00,2025-12-07,0.10
3063,328,South,118,2,90.00,2025-12-07,0.00
3187,299,East,111,1,81.00,2025-12-07,0.10
3892,366,North,119,3,105.00,2025-12-07,0.00
2311,237,West,115,4,40.00,2025-12-08,0.00
3639,340,East,127,5,51.00,2025-12-08,0.15
1314,342,East,109,1,30.00,2025-12-09,0.00
1343,241,North,119,2,63.00,2025-12-09,0.10
2491,217,West,119,2,70.00,2025-12-09,0.00
2909,309,South,136,5,180.00,2025-12-09,0.10
3894,300,North,128,5,80.00,2025-12-09,0.20
1760,288,East,118,4,180.00,2025-12-10,0.00
2877,202,South,117,1,25.00,2025-12-10,0.00
3688,353,East,108,2,100.00,2025-12-10,0.00
3754,359,North,116,1,114.00,2025-12-10,0.05
1606,344,South,137,1,14.25,2025-12-11,0.05
2407,258,North,105,2,700.00,2025-12-11,0.00
2826,285,South,122,4,361.00,2025-12-11,0.05
3138,326,South,140,5,427.50,2025-12-11,0.10
3414,335,South,134,1,75.00,2025-12-11,0.00
3830,262,West,136,1,38.00,2025-12-11,0.05
1092,369,South,122,1,90.25,2025-12-12,0.05
1220,322,North,121,1,99.00,2025-12-12,0.10
1598,376,North,129,1,85.00,2025-12-12,0.00
1937,204,West,122,1,85.50,2025-12-12,0.10
2492,355,East,134,2,150.00,2025-12-12,0.00
2966,375,North,117,2,50.00,2025-12-12,0.00
3511,362,East,116,2,240.00,2025-12-12,0.00
1054,327,North,139,1,650.00,2025-12-13,0.00
1552,237,West,115,6,54.00,2025-12-13,0.10
3178,266,South,126,6,38.40,2025-12-13,0.20
3260,316,South,108,2,100.00,2025-12-13,0.00
3836,363,North,116,1,114.00,2025-12-13,0.05
3863,264,West,116,1,102.00,2025-12-13,0.15
1101,309,West,136,3,120.00,2025-12-14,0.00
1132,370,South,108,3,150.00,2025-12-14,0.00
1340,217,South,133,3,456.00,2025-12-14,0.05
2092,233,South,121,2,209.00,2025-12-14,0.05
2251,310,South,113,1,700.00,2025-12-14,0.00
3751,339,East,121,1,110.00,2025-12-14,0.00
2027,269,North,126,4,25.60,2025-12-15,0.20
2069,236,North,108,3,150.00,2025-12-15,0.00
2335,309,North,121,1,99.00,2025-12-15,0.10
1072,252,East,108,2,85.00,2025-12-16,0.15
1180,305,North,134,3,213.75,2025-12-16,0.05
1339,399,North,135,2,396.00,2025-12-16,0.10
1445,326,East,136,1,40.00,2025-12-16,0.00
1696,213,West,128,5,90.00,2025-12-16,0.10
3108,214,East,117,3,75.00,2025-12-16,0.00
3747,218,South,120,2,324.00,2025-12-16,0.10
1780,395,East,128,5,90.00,2025-12-17,0.10
1967,312,East,111,1,76.50,2025-12-17,0.15
2010,203,West,120,1,180.00,2025-12-17,0.00
2091,377,East,138,6,97.20,2025-12-17,0.10
2400,282,East,121,2,209.00,2025-12-17,0.05
3461,361,East,111,1,85.50,2025-12-17,0.05
3583,352,West,103,2,1140.00,2025-12-17,0.05
1199,360,North,128,3,54.00,2025-12-18,0.10
1521,373,West,108,1,47.50,2025-12-18,0.05
1906,315,West,128,3,57.00,2025-12-18,0.05
3335,390,East,106,1,300.00,2025-12-18,0.00
3475,259,East,128,4,72.00,2025-12-18,0.10
1278,312,South,127,10,102.00,2025-12-19,0.15
1959,297,South,126,2,16.00,2025-12-19,0.00
2349,214,South,128,5,90.00,2025-12-19,0.10
2853,235,North,136,3,102.00,2025-12-19,0.15
2959,394,North,116,2,228.00,2025-12-19,0.05
1204,205,East,117,3,67.50,2025-12-20,0.10
1333,272,North,126,2,15.20,2025-12-20,0.05
2016,237,South,114,3,120.00,2025-12-20,0.20
2454,349,North,107,1,237.50,2025-12-20,0.05
2913,396,West,140,3,285.00,2025-12-20,0.00
2960,387,North,109,3,72.00,2025-12-20,0.20
3644,224,East,115,6,54.00,2025-12-20,0.10
2422,281,South,107,2,400.00,2025-12-21,0.20
3431,344,West,131,3,459.00,2025-12-21,0.15
1224,277,North,125,1,224.00,2025-12-22,0.20
2043,248,North,111,1,81.00,2025-12-22,0.10
2222,306,East,115,1,9.50,2025-12-22,0.05
2257,247,North,134,4,285.00,2025-12-22,0.05
2641,231,South,106,2,570.00,2025-12-22,0.05
2729,281,East,107,1,237.50,2025-12-22,0.05
3768,393,North,134,2,135.00,2025-12-22,0.10
3874,254,West,140,10,855.00,2025-12-22,0.10
1009,376,North,126,5,36.00,2025-12-23,0.10
1600,356,South,104,2,285.00,2025-12-23,0.05
1940,332,North,112,1,80.00,2025-12-23,0.00
1943,314,South,112,2,136.00,2025-12-23,0.15
3856,295,East,115,1,8.50,2025-12-23,0.15
3893,324,West,112,1,76.00,2025-12-23,0.05
1175,223,West,134,3,202.50,2025-12-24,0.10
1859,225,West,126,3,22.80,2025-12-24,0.05
3827,211,East,123,5,247.50,2025-12-24,0.10
1283,299,North,131,2,342.00,2025-12-25,0.05
1911,223,South,109,2,60.00,2025-12-25,0.00
2443,364,East,111,3,270.00,2025-12-25,0.00
3011,382,West,136,1,38.00,2025-12-25,0.05
3160,395,East,105,2,700.00,2025-12-25,0.00
3275,397,North,126,2,14.40,2025-12-25,0.10
3917,386,West,121,2,209.00,2025-12-25,0.05
1303,309,North,132,2,500.00,2025-12-26,0.00
2216,252,South,107,1,250.00,2025-12-26,0.00
3230,239,East,119,2,56.00,2025-12-26,0.20
3570,391,North,132,3,712.50,2025-12-26,0.05
1276,376,North,134,3,225.00,2025-12-27,0.00
3340,202,East,138,5,76.50,2025-12-27,0.15
3731,235,West,114,3,127.50,2025-12-27,0.15
3983,312,East,123,2,110.00,2025-12-27,0.00
1066,298,East,125,1,224.00,2025-12-28,0.20
2351,272,West,131,1,153.00,2025-12-28,0.15
2468,282,West,116,1,96.00,2025-12-28,0.20
2742,299,East,109,2,54.00,2025-12-28,0.10
3485,370,South,137,2,28.50,2025-12-28,0.05
1968,255,North,114,3,150.00,2025-12-29,0.00
2399,387,North,114,2,100.00,2025-12-29,0.00
2820,294,West,129,2,161.50,2025-12-29,0.05
2860,332,East,117,5,106.25,2025-12-29,0.15
2875,326,South,130,2,90.00,2025-12-29,0.00
1019,322,South,123,2,110.00,2025-12-30,0.00
1173,399,South,114,2,85.00,2025-12-30,0.15
1393,267,North,137,1,13.50,2025-12-30,0.10
1437,221,South,140,4,323.00,2025-12-30,0.15
1664,376,West,126,4,32.00,2025-12-30,0.00
1800,293,North,135,2,440.00,2025-12-30,0.00
2182,277,South,114,8,340.00,2025-12-30,0.15
2330,235,East,121,3,297.00,2025-12-30,0.10
3242,231,East,115,8,72.00,2025-12-30,0.10
3268,385,South,126,3,22.80,2025-12-30,0.05
3350,285,North,136,2,76.00,2025-12-30,0.05
1402,321,West,122,5,427.50,2025-12-31,0.10
3296,236,West,128,2,34.00,2025-12-31,0.15
